"Id","Label","Degree","Betweenness","Expression"
"7316","UBC",2263,4454738,0.77559
"351","APP",20,56544,0
"1994","ELAVL1",15,41699,0
"3326","HSP90AB1",13,47633,0.41736
"2534","FYN",12,47634,0.62377
"2146","EZH2",11,44659,0.60426
"3172","HNF4A",11,29805,0
"7431","VIM",10,44658,0.39487
"5597","MAPK6",9,26828,0.33963
"1385","CREB1",6,14915,0.33859
"3065","HDAC1",6,14915,0.72916
"1499","CTNNB1",5,14914,0.40188
"6733","SRPK2",5,14914,0
"7023","TFAP4",5,14914,0.43005
"2869","GRK5",5,11934,0.36937
"56893","UBQLN4",5,11934,0.48919
"1048","CEACAM5",4,11933,0.33532
"10657","KHDRBS1",4,11933,0.3796
"11213","IRAK3",4,11933,0.43671
"5764","PTN",4,11933,0.36534
"7329","UBE2I",4,11933,0.55561
"86","ACTL6A",4,11933,0.39585
"861","RUNX1",4,11933,0.36418
"1021","CDK6",4,8952,0.97212
"10537","UBD",4,8952,0
"3064","HTT",4,8952,0.41224
"5501","PPP1CC",4,8952,0
"7083","TK1",4,8952,0.47464
"7341","SUMO1",4,8952,0.71684
"8517","IKBKG",4,8952,0.40788
"7247","TSN",3,35699,0.54337
"5710","PSMD4",3,20865,0.43424
"2119","ETV5",3,11932,0.44916
"9188","DDX21",3,11932,0.50553
"9877","ZC3H11A",3,11932,0.35939
"10454","TAB1",3,11931,0.33438
"336","APOA2",3,11931,0
"3866","KRT15",3,11931,0.40506
"4773","NFATC2",3,11931,0.37947
"55905","RNF114",3,11931,0.45321
"64978","MRPL38",3,11931,0.35973
"10540","DCTN2",3,8951,0.63602
"1822","ATN1",3,8951,0.51291
"1857","DVL3",3,8951,0.42117
"2065","ERBB3",3,8951,0.49808
"219333","USP12",3,8951,0.3829
"3202","HOXA5",3,8951,0.331
"468","ATF4",3,8951,0.97659
"5327","PLAT",3,8951,0.57722
"58","ACTA1",3,8951,0.5594
"6275","S100A4",3,8951,0.6299
"7421","VDR",3,8951,0.37926
"8667","EIF3H",3,8951,0.40825
"93","ACVR2B",3,8951,0.34115
"10015","PDCD6IP",3,5969,0.42396
"10155","TRIM28",3,5969,0.4905
"10253","SPRY2",3,5969,0.64421
"1052","CEBPD",3,5969,0
"10542","LAMTOR5",3,5969,0.49365
"10681","GNB5",3,5969,0.3619
"10971","YWHAQ",3,5969,0.33268
"1282","COL4A1",3,5969,0.61289
"1457","CSNK2A1",3,5969,0.48135
"1460","CSNK2B",3,5969,0.49081
"2192","FBLN1",3,5969,0.4195
"22976","PAXIP1",3,5969,0
"23327","NEDD4L",3,5969,0.55831
"23400","ATP13A2",3,5969,0
"23410","SIRT3",3,5969,0
"23411","SIRT1",3,5969,0
"25805","BAMBI",3,5969,0.76627
"25913","POT1",3,5969,0
"26270","FBXO6",3,5969,0
"26524","LATS2",3,5969,0
"27429","HTRA2",3,5969,0.36048
"310","ANXA7",3,5969,0.55613
"3654","IRAK1",3,5969,0.55669
"4609","MYC",3,5969,0
"4791","NFKB2",3,5969,0.38915
"5359","PLSCR1",3,5969,0.44931
"5411","PNN",3,5969,0.65092
"5499","PPP1CA",3,5969,0
"55832","CAND1",3,5969,0
"55914","ERBB2IP",3,5969,0
"5594","MAPK1",3,5969,0.59097
"5888","RAD51",3,5969,0.54177
"6259","RYK",3,5969,0.35877
"6310","ATXN1",3,5969,0
"63875","MRPL17",3,5969,0.34948
"65057","ACD",3,5969,0.38664
"6598","SMARCB1",3,5969,0.60381
"6732","SRPK1",3,5969,0
"7099","TLR4",3,5969,0.36659
"773","CACNA1A",3,5969,0
"79001","VKORC1",3,5969,0
"7917","BAG6",3,5969,0.39748
"9093","DNAJA3",3,5969,0.48354
"9094","UNC119",3,5969,0
"9657","IQCB1",3,5969,0
"3091","HIF1A",2,14905,0.41725
"7392","USF2",2,14905,0.39088
"51150","SDF4",2,11928,0.57611
"811","CALR",2,11928,0.49185
"100505385","SCHIP1",2,8949,0.50646
"10682","EBP",2,8949,0.60652
"1876","E2F6",2,8949,0.39166
"379","ARL4D",2,8949,0.3615
"6934","TCF7L2",2,8949,0.55998
"864","RUNX3",2,8949,0.53106
"8881","CDC16",2,8949,0.38029
"11272","PRR4",2,5968,0.81989
"113000","RPUSD1",2,5968,0.44097
"11315","PARK7",2,5968,1.1125
"1459","CSNK2A2",2,5968,0.91907
"23062","GGA2",2,5968,0.43779
"23450","SF3B3",2,5968,0.49575
"23499","MACF1",2,5968,0.80929
"26289","AK5",2,5968,0.36528
"27238","GPKOW",2,5968,0.3973
"27349","MCAT",2,5968,0.45833
"328","APEX1",2,5968,0.4287
"347","APOD",2,5968,0.49714
"3480","IGF1R",2,5968,0
"3516","RBPJ",2,5968,0.59643
"3664","IRF6",2,5968,0.36198
"3690","ITGB3",2,5968,0.55642
"3840","KPNA4",2,5968,0.72857
"3875","KRT18",2,5968,0.71108
"3995","FADS3",2,5968,0.41209
"5048","PAFAH1B1",2,5968,0.42466
"550","AUP1",2,5968,0.9365
"5510","PPP1R7",2,5968,0.55193
"55193","PBRM1",2,5968,0.39553
"5586","PKN2",2,5968,0.34061
"55971","BAIAP2L1",2,5968,0.42748
"5698","PSMB9",2,5968,0.45319
"5876","RABGGTB",2,5968,0.36346
"6300","MAPK12",2,5968,0.46804
"6504","SLAMF1",2,5968,0
"6602","SMARCD1",2,5968,0.68948
"6634","SNRPD3",2,5968,1.0651
"6767","ST13",2,5968,0.82216
"7021","TFAP2B",2,5968,0.35927
"7052","TGM2",2,5968,0.36845
"7553","ZNF7",2,5968,0.37119
"79019","CENPM",2,5968,0.65976
"79169","C1orf35",2,5968,0.57744
"79174","CRELD2",2,5968,0.56002
"805","CALM3",2,5968,0.71279
"8061","FOSL1",2,5968,0.34636
"83746","L3MBTL2",2,5968,0.33434
"83878","USHBP1",2,5968,0.3526
"8988","HSPB3",2,5968,0.34458
"9260","PDLIM7",2,5968,0.35229
"10062","NR1H3",2,2985,0
"10075","HUWE1",2,2985,0.56182
"101060555","POLR3GL",2,2985,0
"10109","ARPC2",2,2985,1.058
"10226","PLIN3",2,2985,0.35751
"10245","TIMM17B",2,2985,0.5733
"10273","STUB1",2,2985,0.43628
"10379","IRF9",2,2985,0
"10455","ECI2",2,2985,0.39276
"10456","HAX1",2,2985,0.53468
"10474","TADA3",2,2985,0.39016
"10488","CREB3",2,2985,0.43196
"10492","SYNCRIP",2,2985,0.52282
"10494","STK25",2,2985,0.56111
"1050","CEBPA",2,2985,0
"10550","ARL6IP5",2,2985,0
"10572","SIVA1",2,2985,0.52386
"10580","SORBS1",2,2985,0
"1059","CENPB",2,2985,0.33797
"10765","KDM5B",2,2985,0
"1080","CFTR",2,2985,0
"10813","UTP14A",2,2985,0.59125
"10919","EHMT2",2,2985,0
"10951","CBX1",2,2985,0
"10956","OS9",2,2985,0.71256
"10959","TMED2",2,2985,0
"10980","COPS6",2,2985,0.556
"10987","COPS5",2,2985,0
"10989","IMMT",2,2985,0.62076
"11007","CCDC85B",2,2985,0
"11056","DDX52",2,2985,0
"11059","WWP1",2,2985,0
"1108","CHD4",2,2985,0.35321
"11091","WDR5",2,2985,0
"11117","EMILIN1",2,2985,0.36701
"11133","KPTN",2,2985,0
"11137","PWP1",2,2985,0.39223
"1114","CHGB",2,2985,0
"11151","CORO1A",2,2985,0.37431
"11187","PKP3",2,2985,0
"11266","DUSP12",2,2985,0
"11273","ATXN2L",2,2985,0.34116
"112939","NACC1",2,2985,0
"112950","MED8",2,2985,0.60214
"113246","C12orf57",2,2985,1.0762
"11331","PHB2",2,2985,0.90332
"11333","PDAP1",2,2985,0.62983
"114034","TOE1",2,2985,0.47518
"116540","MRPL53",2,2985,0.73512
"117157","SH2D1B",2,2985,0.34098
"1175","AP2S1",2,2985,0
"1192","CLIC1",2,2985,0.69002
"123016","TTC8",2,2985,0
"125","ADH1B",2,2985,0
"1285","COL4A3",2,2985,0
"134492","NUDCD2",2,2985,0
"1380","CR2",2,2985,0
"1386","ATF2",2,2985,0.45201
"140738","TMEM37",2,2985,0
"149461","CLDN19",2,2985,0.37883
"151246","SGOL2",2,2985,0
"151871","DPPA2",2,2985,0
"1528","CYB5A",2,2985,0
"1653","DDX1",2,2985,0.59458
"1717","DHCR7",2,2985,0
"1859","DYRK1A",2,2985,0
"1893","ECM1",2,2985,0.39961
"1915","EEF1A1",2,2985,1.3271
"1956","EGFR",2,2985,0
"195814","SDR16C5",2,2985,0
"1969","EPHA2",2,2985,0.4357
"200081","TXLNA",2,2985,0.42534
"2026","ENO2",2,2985,0.6854
"2055","CLN8",2,2985,0
"2066","ERBB4",2,2985,0
"207","AKT1",2,2985,0.37389
"213","ALB",2,2985,0
"2147","F2",2,2985,0
"219293","ATAD3C",2,2985,0.60857
"2260","FGFR1",2,2985,0
"2273","FHL1",2,2985,0
"22897","CEP164",2,2985,0
"22950","SLC4A1AP",2,2985,0.48776
"22985","ACIN1",2,2985,0.41932
"2302","FOXJ1",2,2985,0
"23054","NCOA6",2,2985,0.36072
"2313","FLI1",2,2985,0.38508
"23166","STAB1",2,2985,0.48915
"23170","TTLL12",2,2985,0.40436
"23243","ANKRD28",2,2985,0
"23268","DNMBP",2,2985,0.45169
"2335","FN1",2,2985,0
"23392","KIAA0368",2,2985,0
"23408","SIRT5",2,2985,0
"23466","CBX6",2,2985,0.33599
"23529","CLCF1",2,2985,0
"2353","FOS",2,2985,0
"23556","PIGN",2,2985,0
"23595","ORC3",2,2985,0.37127
"25","ABL1",2,2985,0
"253980","KCTD13",2,2985,0.40791
"25842","ASF1A",2,2985,0.40545
"25865","PRKD2",2,2985,0.37271
"25936","NSL1",2,2985,0
"25974","MMACHC",2,2985,0
"26001","RNF167",2,2985,0.48433
"26009","ZZZ3",2,2985,0.37277
"2638","GC",2,2985,0
"2643","GCH1",2,2985,0
"2647","BLOC1S1",2,2985,0.49694
"2648","KAT2A",2,2985,0.34469
"26580","BSCL2",2,2985,0
"2664","GDI1",2,2985,0.51989
"26986","PABPC1",2,2985,0.37406
"27111","SDCBP2",2,2985,0
"2729","GCLC",2,2985,0.45934
"2731","GLDC",2,2985,0.38709
"2773","GNAI3",2,2985,0.54495
"285527","FRYL",2,2985,0
"2867","FFAR2",2,2985,0.33262
"2885","GRB2",2,2985,0
"2896","GRN",2,2985,0
"29","ABR",2,2985,0
"29924","EPN1",2,2985,0
"29950","SERTAD1",2,2985,0.38872
"30011","SH3KBP1",2,2985,0.55767
"3066","HDAC2",2,2985,0
"3101","HK3",2,2985,0
"3122","HLA-DRA",2,2985,1.4993
"3163","HMOX2",2,2985,0.36194
"3170","FOXA2",2,2985,0
"3175","ONECUT1",2,2985,0
"3257","HPS1",2,2985,0
"3313","HSPA9",2,2985,0
"3339","HSPG2",2,2985,0.41536
"348180","CTU2",2,2985,0
"356","FASLG",2,2985,0
"3589","IL11",2,2985,0
"3594","IL12RB1",2,2985,0.38858
"3603","IL16",2,2985,0.35793
"3609","ILF3",2,2985,0.35119
"3665","IRF7",2,2985,0
"3683","ITGAL",2,2985,0.38859
"3689","ITGB2",2,2985,0
"3703","STT3A",2,2985,0
"3760","KCNJ3",2,2985,0.43767
"3768","KCNJ12",2,2985,0
"382","ARF6",2,2985,0.44411
"3833","KIFC1",2,2985,0.40709
"387","RHOA",2,2985,0.67754
"390","RND3",2,2985,1.001
"3912","LAMB1",2,2985,0.714
"3929","LBP",2,2985,0
"3945","LDHB",2,2985,0.92917
"3953","LEPR",2,2985,0
"3956","LGALS1",2,2985,1.0733
"3977","LIFR",2,2985,0
"4026","LPP",2,2985,0
"4035","LRP1",2,2985,0
"4040","LRP6",2,2985,0.45838
"4055","LTBR",2,2985,0.65799
"4089","SMAD4",2,2985,0
"4090","SMAD5",2,2985,0
"4110","MAGEA11",2,2985,0
"4193","MDM2",2,2985,0.41697
"4232","MEST",2,2985,0
"4301","MLLT4",2,2985,0
"4313","MMP2",2,2985,0.40439
"4356","MPP3",2,2985,0
"4435","CITED1",2,2985,0
"4589","MUC7",2,2985,0
"4605","MYBL2",2,2985,0.72418
"463","ZFHX3",2,2985,0.81067
"4637","MYL6",2,2985,0.61424
"4680","CEACAM6",2,2985,0
"4738","NEDD8",2,2985,0.7077
"4780","NFE2L2",2,2985,0.52844
"4790","NFKB1",2,2985,0.7508
"4809","NHP2L1",2,2985,0
"4853","NOTCH2",2,2985,0.46363
"4904","YBX1",2,2985,0.73321
"50618","ITSN2",2,2985,0.57511
"5089","PBX2",2,2985,0
"5092","PCBD1",2,2985,0.38068
"50944","SHANK1",2,2985,0
"51013","EXOSC1",2,2985,0.46506
"51025","PAM16",2,2985,0.54641
"51042","ZNF593",2,2985,0.58008
"51094","ADIPOR1",2,2985,0
"51162","EGFL7",2,2985,0
"51255","RNF181",2,2985,0.6437
"51280","GOLM1",2,2985,0
"51412","ACTL6B",2,2985,0
"51564","HDAC7",2,2985,0
"51684","SUFU",2,2985,0.49246
"51693","TRAPPC2L",2,2985,0.5501
"51701","NLK",2,2985,0
"51729","WBP11",2,2985,0.93544
"5174","PDZK1",2,2985,0
"51762","RAB8B",2,2985,0.54725
"5188","PET112",2,2985,0.40628
"5328","PLAU",2,2985,0
"5351","PLOD1",2,2985,0.43313
"5433","POLR2D",2,2985,0.93979
"5435","POLR2F",2,2985,0
"54512","EXOSC4",2,2985,0
"54557","SGTB",2,2985,0
"5460","POU5F1",2,2985,0.33811
"54622","ARL15",2,2985,0
"54726","OTUD4",2,2985,0.48256
"54820","NDE1",2,2985,0.53059
"54840","APTX",2,2985,0.40802
"54931","TRMT10C",2,2985,0
"54997","TESC",2,2985,0.41026
"55183","RIF1",2,2985,0.38838
"5563","PRKAA2",2,2985,0
"558","AXL",2,2985,1.2216
"5580","PRKCD",2,2985,0.62
"55957","LIN37",2,2985,0.33861
"5621","PRNP",2,2985,1.0312
"56667","MUC13",2,2985,0
"5702","PSMC3",2,2985,0
"57136","APMAP",2,2985,0
"57215","THAP11",2,2985,0.34731
"5728","PTEN",2,2985,0.82259
"57336","ZNF287",2,2985,0
"5743","PTGS2",2,2985,0
"57473","ZNF512B",2,2985,0
"575","BAI1",2,2985,0
"57510","XPO5",2,2985,0.46513
"57521","RPTOR",2,2985,0.41537
"5753","PTK6",2,2985,0.34107
"57554","LRRC7",2,2985,0
"57655","GRAMD1A",2,2985,0
"5777","PTPN6",2,2985,0
"582","BBS1",2,2985,0
"583","BBS2",2,2985,0
"5830","PEX5",2,2985,0
"5864","RAB3A",2,2985,0
"5885","RAD21",2,2985,0
"5886","RAD23A",2,2985,0.57537
"595","CCND1",2,2985,0.37217
"5966","REL",2,2985,0
"5970","RELA",2,2985,0
"5987","TRIM27",2,2985,0.36118
"5997","RGS2",2,2985,0
"6047","RNF4",2,2985,0.48771
"6118","RPA2",2,2985,0
"6256","RXRA",2,2985,0
"6257","RXRB",2,2985,0
"6261","RYR1",2,2985,0
"6271","S100A1",2,2985,0.58025
"63893","UBE2O",2,2985,0
"6390","SDHB",2,2985,0.3475
"6404","SELPLG",2,2985,0
"6405","SEMA3F",2,2985,0
"6427","SRSF2",2,2985,0.51088
"64425","POLR1E",2,2985,0.37017
"6456","SH3GL2",2,2985,0
"64689","GORASP1",2,2985,0
"64965","MRPS9",2,2985,0.41265
"6498","SKIL",2,2985,0.46196
"650","BMP2",2,2985,0
"65125","WNK1",2,2985,0.636
"65265","C8orf33",2,2985,0.35785
"6582","SLC22A2",2,2985,0
"661","POLR3D",2,2985,0.53372
"6613","SUMO2",2,2985,0
"6617","SNAPC1",2,2985,0
"6667","SP1",2,2985,0
"6697","SPR",2,2985,0.37752
"6776","STAT5A",2,2985,0
"6840","SVIL",2,2985,0.6224
"6927","HNF1A",2,2985,0
"6943","TCF21",2,2985,0
"6945","MLX",2,2985,0
"7004","TEAD4",2,2985,0.45078
"7014","TERF2",2,2985,0.43345
"7020","TFAP2A",2,2985,0
"7022","TFAP2C",2,2985,0.37337
"7031","TFF1",2,2985,0
"7090","TLE3",2,2985,0.92053
"7124","TNF",2,2985,0
"7162","TPBG",2,2985,0.35711
"7168","TPM1",2,2985,1.1331
"7182","NR2C2",2,2985,0
"7203","CCT3",2,2985,0.51214
"7205","TRIP6",2,2985,0.40754
"722","C4BPA",2,2985,0
"728642","CDK11A",2,2985,0.37163
"7289","TULP3",2,2985,0.45311
"7298","TYMS",2,2985,0.51263
"7314","UBB",2,2985,0
"7332","UBE2L3",2,2985,0.80304
"7494","XBP1",2,2985,0.41798
"7534","YWHAZ",2,2985,1.1813
"7597","ZBTB25",2,2985,0
"778","CACNA1F",2,2985,0
"79101","TAF1D",2,2985,0
"79159","NOL12",2,2985,0
"79609","METTL21D",2,2985,0
"79666","PLEKHF2",2,2985,0
"79814","AGMAT",2,2985,0.37083
"79885","HDAC11",2,2985,0
"80128","TRIM46",2,2985,0
"80152","CENPT",2,2985,0.39758
"81488","GCOM1",2,2985,0
"81542","TMX1",2,2985,0.38924
"81554","WBSCR16",2,2985,0
"81573","ANKRD13C",2,2985,0
"81609","SNX27",2,2985,0
"81620","CDT1",2,2985,0.3929
"81629","TSSK3",2,2985,0
"81875","ISG20L2",2,2985,0.42209
"81888","HYI",2,2985,0.36684
"8204","NRIP1",2,2985,0
"8237","USP11",2,2985,0.55992
"8243","SMC1A",2,2985,0
"8322","FZD4",2,2985,0
"8323","FZD6",2,2985,0
"83444","INO80B",2,2985,0.35849
"83463","MXD3",2,2985,0.37266
"83858","ATAD3B",2,2985,0.52827
"8409","UXT",2,2985,0.39666
"84100","ARL6",2,2985,0
"84444","DOT1L",2,2985,0
"8451","CUL4A",2,2985,0.37178
"8452","CUL3",2,2985,0
"8454","CUL1",2,2985,0
"84811","BUD13",2,2985,0
"84901","NFATC2IP",2,2985,0.38077
"84962","AJUBA",2,2985,0
"84993","UBL7",2,2985,0.37662
"8503","PIK3R3",2,2985,0
"8520","HAT1",2,2985,0.41212
"8533","COPS3",2,2985,0.33198
"85365","ALG2",2,2985,0
"8563","THOC5",2,2985,0.46763
"8683","SRSF9",2,2985,0.42039
"8771","TNFRSF6B",2,2985,0
"8777","MPDZ",2,2985,0
"8829","NRP1",2,2985,0.68401
"8888","MCM3AP",2,2985,0.34718
"8940","TOP3B",2,2985,0
"9013","TAF1C",2,2985,0.41024
"90850","ZNF598",2,2985,0
"9091","PIGQ",2,2985,0
"9113","LATS1",2,2985,0
"9194","SLC16A7",2,2985,0.49737
"9267","CYTH1",2,2985,0
"9378","NRXN1",2,2985,0
"940","CD28",2,2985,0
"9513","FXR2",2,2985,0.34543
"960","CD44",2,2985,0
"9616","RNF7",2,2985,0
"9689","BZW1",2,2985,0.8484
"9734","HDAC9",2,2985,0.39298
"9737","GPRASP1",2,2985,0
"9775","EIF4A3",2,2985,0
"9826","ARHGEF11",2,2985,0.40156
"9852","EPM2AIP1",2,2985,0
"988","CDC5L",2,2985,0.45585
"993","CDC25A",2,2985,0.33539
"997","CDC34",2,2985,0.66226
"9997","SCO2",2,2985,0.43681
"10001","MED6",1,0,0.45207
"100128731","OST4",1,0,1.0013
"10019","SH2B3",1,0,0.62075
"10024","TROAP",1,0,0.5508
"100302652","ASB3",1,0,0.46321
"10038","PARP2",1,0,0.46026
"10039","PARP3",1,0,0.43188
"1004","CDH6",1,0,0.41028
"100506658","OCLN",1,0,0.39732
"10056","FARSB",1,0,0.7097
"10059","DNM1L",1,0,0.34932
"10061","ABCF2",1,0,0.34814
"10063","COX17",1,0,0.42623
"10066","SCAMP2",1,0,0.46235
"10084","PQBP1",1,0,0.64356
"10093","ARPC4",1,0,1.03
"10095","ARPC1B",1,0,1.04
"10097","ACTR2",1,0,0.59298
"10098","TSPAN5",1,0,0.51218
"10102","TSFM",1,0,0.89774
"10105","PPIF",1,0,0.56309
"10106","CTDSP2",1,0,0.64452
"10113","PREB",1,0,0.62109
"1012","CDH13",1,0,1.1324
"10121","ACTR1A",1,0,0.42769
"10123","ARL4C",1,0,0.40968
"10128","LRPPRC",1,0,0.38431
"10130","PDIA6",1,0,1.0008
"10131","TRAP1",1,0,0.52583
"10146","G3BP1",1,0,0.37611
"10147","SUGP2",1,0,0.37765
"10152","ABI2",1,0,0.40701
"10160","FARP1",1,0,0.52038
"10162","LPCAT3",1,0,0.34387
"10163","WASF2",1,0,0.38207
"10169","SERF2",1,0,0.90483
"10171","RCL1",1,0,0.39123
"10174","SORBS3",1,0,0.42884
"10181","RBM5",1,0,0.44405
"1019","CDK4",1,0,0.79235
"10190","TXNDC9",1,0,0.44597
"10193","RNF41",1,0,0.52878
"10199","MPHOSPH10",1,0,0.4034
"10200","MPHOSPH6",1,0,0.33714
"10201","NME6",1,0,0.45312
"10204","NUTF2",1,0,0.39408
"10209","EIF1",1,0,0.77045
"10212","DDX39A",1,0,0.34768
"10217","CTDSPL",1,0,0.34493
"10233","LRRC23",1,0,0.50203
"10237","SLC35B1",1,0,0.352
"10239","AP3S2",1,0,0.5714
"10248","POP7",1,0,0.54509
"10250","SRRM1",1,0,0.43616
"10262","SF3B4",1,0,0.42489
"10269","ZMPSTE24",1,0,0.5822
"10274","STAG1",1,0,0.41109
"10276","NET1",1,0,0.44874
"1028","CDKN1C",1,0,0.35027
"10289","EIF1B",1,0,0.57842
"10291","SF3A1",1,0,0.37261
"10293","TRAIP",1,0,0.40433
"103","ADAR",1,0,0.56832
"10302","SNAPC5",1,0,0.50935
"1031","CDKN2C",1,0,0.40206
"10328","EMC8",1,0,0.54426
"10330","CNPY2",1,0,0.62445
"10342","TFG",1,0,0.34139
"10360","NPM3",1,0,0.58037
"10367","MICU1",1,0,0.40366
"10371","SEMA3A",1,0,0.53478
"10376","TUBA1B",1,0,0.37626
"10383","TUBB4B",1,0,0.5316
"10390","CEPT1",1,0,0.43055
"103910","MYL12B",1,0,0.48816
"10395","DLC1",1,0,0.52277
"10398","MYL9",1,0,0.42333
"104","ADARB1",1,0,0.34614
"10419","PRMT5",1,0,0.68862
"10421","CD2BP2",1,0,0.46424
"10423","CDIPT",1,0,0.42145
"10425","ARIH2",1,0,0.34797
"10426","TUBGCP3",1,0,0.48608
"10428","CFDP1",1,0,0.46154
"10432","RBM14",1,0,0.43436
"10438","C1D",1,0,0.60349
"10445","MCRS1",1,0,0.39163
"10450","PPIE",1,0,0.70582
"10452","TOMM40",1,0,0.39712
"10459","MAD2L2",1,0,0.59416
"10460","TACC3",1,0,0.63392
"10467","ZNHIT1",1,0,0.47843
"10468","FST",1,0,0.63831
"10477","UBE2E3",1,0,0.43232
"10483","SEC23B",1,0,0.45969
"10487","CAP1",1,0,0.77877
"10489","LRRC41",1,0,0.38715
"10519","CIB1",1,0,0.55206
"10528","NOP56",1,0,0.66438
"10531","PITRM1",1,0,0.40283
"10544","PROCR",1,0,0.39753
"10552","ARPC1A",1,0,0.74838
"10554","AGPAT1",1,0,0.33716
"10573","MRPL28",1,0,0.34748
"10574","CCT7",1,0,0.80754
"10576","CCT2",1,0,1.2719
"10587","TXNRD2",1,0,0.38346
"10589","DRAP1",1,0,0.49841
"10598","AHSA1",1,0,0.45874
"10602","CDC42EP3",1,0,0.90734
"10606","PAICS",1,0,0.47426
"10611","PDLIM5",1,0,0.33043
"10613","ERLIN1",1,0,0.66149
"10615","SPAG5",1,0,0.49841
"10617","STAMBP",1,0,0.52476
"10618","TGOLN2",1,0,1.0869
"10623","POLR3C",1,0,0.51109
"10627","MYL12A",1,0,0.40298
"10634","GAS2L1",1,0,0.39776
"10635","RAD51AP1",1,0,0.3517
"10642","IGF2BP1",1,0,0.53084
"10643","IGF2BP3",1,0,0.48379
"10644","IGF2BP2",1,0,0.54388
"10654","PMVK",1,0,0.42781
"10655","DMRT2",1,0,0.383
"10686","CLDN16",1,0,0.36997
"10695","CNPY3",1,0,0.38457
"10712","FAM189B",1,0,0.33548
"10713","USP39",1,0,0.36455
"10715","CERS1",1,0,0.34523
"10721","POLQ",1,0,0.41137
"10725","NFAT5",1,0,0.38745
"10728","PTGES3",1,0,0.36074
"1075","CTSC",1,0,0.68771
"10762","NUP50",1,0,0.69683
"10763","NES",1,0,0.37709
"10766","TOB2",1,0,0.43466
"10776","ARPP19",1,0,0.34999
"10785","WDR4",1,0,0.34399
"10797","MTHFD2",1,0,0.78264
"10818","FRS2",1,0,0.74779
"10844","TUBGCP2",1,0,0.36463
"10847","SRCAP",1,0,0.42636
"10849","CD3EAP",1,0,0.44287
"10856","RUVBL2",1,0,0.41167
"1088","CEACAM8",1,0,0.42165
"10885","WDR3",1,0,0.3548
"109","ADCY3",1,0,0.37836
"10907","TXNL4A",1,0,0.38463
"10915","TCERG1",1,0,0.38466
"10916","MAGED2",1,0,0.87603
"10920","COPS8",1,0,0.60727
"10935","PRDX3",1,0,0.37077
"10940","POP1",1,0,0.43666
"10946","SF3A3",1,0,0.40223
"10953","TOMM34",1,0,0.5254
"10961","ERP29",1,0,0.58628
"10969","EBNA1BP2",1,0,0.74616
"10970","CKAP4",1,0,0.75545
"10983","CCNI",1,0,0.33934
"11004","KIF2C",1,0,0.35968
"11009","IL24",1,0,0.6446
"11014","KDELR2",1,0,0.38222
"11019","LIAS",1,0,0.3969
"1104","RCC1",1,0,0.56741
"11052","CPSF6",1,0,0.37465
"11057","ABHD2",1,0,0.53581
"1106","CHD2",1,0,0.48595
"11060","WWP2",1,0,0.4982
"11066","SNRNP35",1,0,0.39409
"11068","CYB561D2",1,0,0.36885
"11072","DUSP14",1,0,0.62962
"11078","TRIOBP",1,0,0.34802
"11083","DIDO1",1,0,0.38329
"11100","HNRNPUL1",1,0,0.35
"11124","FAF1",1,0,0.36046
"11128","POLR3A",1,0,0.57011
"11138","TBC1D8",1,0,0.62826
"11140","CDC37",1,0,0.38224
"11141","IL1RAPL1",1,0,0.54834
"11152","WDR45",1,0,0.45617
"11154","AP4S1",1,0,0.35579
"11157","LSM6",1,0,0.35146
"11158","RABL2B",1,0,0.37594
"11168","PSIP1",1,0,0.40192
"11170","FAM107A",1,0,0.44042
"11171","STRAP",1,0,0.97169
"11176","BAZ2A",1,0,0.61714
"11180","WDR6",1,0,0.60043
"11183","MAP4K5",1,0,0.36932
"11196","SEC23IP",1,0,0.36951
"11200","CHEK2",1,0,0.4701
"11214","AKAP13",1,0,0.34577
"11231","SEC63",1,0,0.3535
"11245","GPR176",1,0,0.59544
"11251","PTGDR2",1,0,0.43842
"11260","XPOT",1,0,0.33373
"112616","CMTM7",1,0,0.43637
"11269","DDX19B",1,0,0.45254
"11270","NRM",1,0,0.45535
"11275","KLHL2",1,0,0.3419
"112752","IFT43",1,0,0.40871
"11278","KLF12",1,0,0.42421
"113130","CDCA5",1,0,0.36179
"11319","ECD",1,0,0.46518
"113201","CASC4",1,0,0.50818
"11321","GPN1",1,0,0.64833
"11328","FKBP9",1,0,0.72541
"11332","ACOT7",1,0,0.7936
"11334","TUSC2",1,0,0.42072
"11338","U2AF2",1,0,0.38858
"11343","MGLL",1,0,0.88597
"11344","TWF2",1,0,0.51223
"113452","TMEM54",1,0,0.40786
"114026","ZIM3",1,0,0.37814
"114781","BTBD9",1,0,0.66626
"114785","MBD6",1,0,0.37931
"114790","STK11IP",1,0,0.41922
"114805","GALNT13",1,0,0.41465
"114884","OSBPL10",1,0,0.3729
"1152","CKB",1,0,0.58256
"115353","LRRC42",1,0,0.41171
"115752","DIS3L",1,0,0.37232
"115761","ARL11",1,0,0.44007
"115939","TSR3",1,0,0.77281
"116092","DNTTIP1",1,0,0.45272
"116115","ZNF526",1,0,0.36476
"116225","ZMYND19",1,0,0.4638
"1163","CKS1B",1,0,0.52809
"116461","TSEN15",1,0,0.35066
"116840","CNTROB",1,0,0.43391
"116987","AGAP1",1,0,0.37602
"117177","RAB3IP",1,0,0.39224
"117246","FTSJ3",1,0,0.38215
"1174","AP1S1",1,0,0.50521
"118","ADD1",1,0,0.51021
"1181","CLCN2",1,0,0.3516
"118424","UBE2J2",1,0,0.52443
"118460","EXOSC6",1,0,0.68636
"118487","CHCHD1",1,0,0.37494
"119504","ANAPC16",1,0,0.42519
"119559","SFXN4",1,0,0.41787
"1198","CLK3",1,0,0.52591
"120","ADD3",1,0,0.40012
"1201","CLN3",1,0,0.37155
"120114","FAT3",1,0,0.41733
"1212","CLTB",1,0,0.49031
"121227","LRIG3",1,0,0.52457
"121642","ALKBH2",1,0,0.47794
"121665","SPPL3",1,0,0.41069
"122704","MRPL52",1,0,0.63583
"123","PLIN2",1,0,0.84106
"123207","C15orf40",1,0,0.63665
"123920","CMTM3",1,0,0.3438
"124402","FAM100A",1,0,0.38873
"124995","MRPL10",1,0,0.33966
"125061","AFMID",1,0,0.45122
"126298","IRGQ",1,0,0.38614
"126328","NDUFA11",1,0,0.61173
"126364","LRRC25",1,0,0.49846
"126382","NR2C2AP",1,0,0.45073
"126433","FBXO27",1,0,0.46517
"1265","CNN2",1,0,0.39377
"126526","C19orf47",1,0,0.47973
"1266","CNN3",1,0,0.43694
"126669","SHE",1,0,0.33951
"126789","PUSL1",1,0,0.39556
"126792","B3GALT6",1,0,0.4933
"127002","ATXN7L2",1,0,0.44103
"127829","ARL8A",1,0,0.35878
"128","ADH5",1,0,0.40024
"128239","IQGAP3",1,0,0.35159
"128272","ARHGEF19",1,0,0.44056
"128308","MRPL55",1,0,0.5696
"128338","DRAM2",1,0,0.40866
"1284","COL4A2",1,0,0.68571
"128869","PIGU",1,0,0.55712
"128989","C22orf25",1,0,0.53856
"1294","COL7A1",1,0,0.33949
"129401","NUP35",1,0,0.44089
"1295","COL8A1",1,0,0.54515
"129787","TMEM18",1,0,0.46755
"1299","COL9A3",1,0,0.84415
"130074","FAM168B",1,0,0.65573
"1302","COL11A2",1,0,0.47606
"1303","COL12A1",1,0,0.47448
"130340","AP1S3",1,0,0.3416
"130617","ZFAND2B",1,0,0.42229
"1307","COL16A1",1,0,0.37111
"130916","MTERFD2",1,0,0.3574
"1310","COL19A1",1,0,0.8483
"1312","COMT",1,0,0.94518
"131566","DCBLD2",1,0,0.40614
"132","ADK",1,0,0.5618
"132228","C3orf45",1,0,0.45987
"1327","COX4I1",1,0,0.64957
"133","ADM",1,0,0.53612
"133308","SLC9B2",1,0,0.37684
"134285","TMEM171",1,0,0.43668
"135295","SRSF12",1,0,0.44936
"1355","COX15",1,0,0.3974
"1373","CPS1",1,0,0.33081
"1376","CPT2",1,0,0.36509
"1378","CR1",1,0,0.40377
"138474","TAF1L",1,0,0.35028
"1389","CREBL2",1,0,0.41088
"139105","BEND2",1,0,0.33487
"139562","OTUD6A",1,0,0.35081
"1397","CRIP2",1,0,0.38332
"1399","CRKL",1,0,0.41323
"14","AAMP",1,0,0.64366
"1404","HAPLN1",1,0,0.37908
"140459","ASB6",1,0,0.36982
"140465","MYL6B",1,0,0.59453
"140469","MYO3B",1,0,0.52717
"140576","S100A16",1,0,0.81801
"1406","CRX",1,0,0.36056
"140609","NEK7",1,0,0.49515
"140685","ZBTB46",1,0,0.34338
"140707","BRI3BP",1,0,0.36069
"140739","UBE2F",1,0,0.36677
"140809","SRXN1",1,0,0.40615
"140883","ZNF280B",1,0,0.44353
"1410","CRYAB",1,0,0.3427
"142","PARP1",1,0,0.42438
"142678","MIB2",1,0,0.37372
"142891","SAMD8",1,0,0.35327
"143384","CACUL1",1,0,0.63506
"144195","SLC2A14",1,0,0.41439
"144699","FBXL14",1,0,0.38056
"1453","CSNK1D",1,0,0.56505
"1454","CSNK1E",1,0,0.47326
"1464","CSPG4",1,0,0.60828
"1465","CSRP1",1,0,0.85253
"1466","CSRP2",1,0,0.36308
"1468","SLC25A10",1,0,0.47178
"1478","CSTF2",1,0,0.69932
"148","ADRA1A",1,0,0.34434
"1482","NKX2-5",1,0,0.42122
"148867","SLC30A7",1,0,0.46798
"148932","MOB3C",1,0,0.35376
"149233","IL23R",1,0,0.3401
"150223","YDJC",1,0,0.36464
"150274","HSCB",1,0,0.39291
"1503","CTPS1",1,0,0.47147
"150353","DNAJB7",1,0,0.41328
"150383","CDPF1",1,0,0.35375
"150465","TTL",1,0,0.80218
"150468","CKAP2L",1,0,0.62246
"150472","CBWD2",1,0,0.53305
"150684","COMMD1",1,0,0.54116
"150771","ITPRIPL1",1,0,0.55938
"150864","FAM117B",1,0,0.50479
"151188","ARL6IP6",1,0,0.4092
"151194","METTL21A",1,0,0.43146
"151556","GPR155",1,0,0.61034
"151903","CCDC12",1,0,0.47116
"152485","ZNF827",1,0,0.4591
"152579","SCFD2",1,0,0.43213
"1534","CYB561",1,0,0.55184
"1535","CYBA",1,0,0.74631
"153830","RNF145",1,0,0.39819
"154","ADRB2",1,0,0.39296
"1544","CYP1A2",1,0,0.44295
"154796","AMOT",1,0,0.40431
"154810","AMOTL1",1,0,0.51465
"1573","CYP2J2",1,0,0.3993
"158","ADSL",1,0,0.91838
"1582","CYP8B1",1,0,0.4019
"158358","KIAA2026",1,0,0.352
"158511","CSAG1",1,0,1.2538
"1594","CYP27B1",1,0,0.33308
"1603","DAD1",1,0,0.85473
"160335","TMTC2",1,0,0.34526
"160760","PPTC7",1,0,0.51554
"1611","DAP",1,0,0.35858
"1616","DAXX",1,0,0.43387
"161829","EXD1",1,0,0.40164
"161882","ZFPM1",1,0,0.3768
"1622","DBI",1,0,0.47518
"1632","ECI1",1,0,0.46233
"1635","DCTD",1,0,0.36726
"163732","CITED4",1,0,0.45231
"163782","KANK4",1,0,0.36694
"163859","SDE2",1,0,0.38601
"1639","DCTN1",1,0,0.47471
"1647","GADD45A",1,0,0.67857
"1649","DDIT3",1,0,0.53365
"165","AEBP1",1,0,0.43485
"1650","DDOST",1,0,0.58534
"1652","DDT",1,0,0.47523
"165324","UBXN2A",1,0,0.39614
"1656","DDX6",1,0,0.38739
"1660","DHX9",1,0,0.33776
"1663","DDX11",1,0,0.73171
"1665","DHX15",1,0,0.6755
"167465","ZNF366",1,0,0.34383
"1676","DFFA",1,0,0.81901
"169611","OLFML2A",1,0,0.38155
"169714","QSOX2",1,0,0.3749
"170691","ADAMTS17",1,0,0.42518
"170954","PPP1R18",1,0,0.34812
"171017","ZNF384",1,0,0.52423
"171023","ASXL1",1,0,0.51994
"171568","POLR3H",1,0,0.36612
"1716","DGUOK",1,0,1.0414
"1728","NQO1",1,0,1.2456
"1736","DKC1",1,0,0.48615
"1745","DLX1",1,0,0.35502
"1746","DLX2",1,0,0.59782
"175","AGA",1,0,0.34214
"1773","DNASE1",1,0,0.47707
"1786","DNMT1",1,0,0.48737
"1793","DOCK1",1,0,0.50319
"1796","DOK1",1,0,0.38322
"1802","DPH2",1,0,0.51119
"1806","DPYD",1,0,0.56693
"1810","DR1",1,0,0.75561
"1827","RCAN1",1,0,1.0083
"1829","DSG2",1,0,0.45974
"1830","DSG3",1,0,0.46747
"1841","DTYMK",1,0,0.59877
"1847","DUSP5",1,0,0.47666
"1849","DUSP7",1,0,0.59227
"1869","E2F1",1,0,0.34557
"1870","E2F2",1,0,0.5386
"1871","E2F3",1,0,0.40311
"1874","E2F4",1,0,0.41255
"1890","TYMP",1,0,0.47083
"1892","ECHS1",1,0,0.62874
"1912","PHC2",1,0,0.49445
"192111","PGAM5",1,0,0.60112
"1933","EEF1B2",1,0,0.80676
"1936","EEF1D",1,0,0.52579
"1939","EIF2D",1,0,0.48549
"1943","EFNA2",1,0,0.39579
"196403","DTX3",1,0,0.43793
"1965","EIF2S1",1,0,0.41213
"196513","DCP1B",1,0,0.39052
"197322","ACSF3",1,0,0.34338
"197370","NSMCE1",1,0,0.38633
"1975","EIF4B",1,0,0.70503
"1983","EIF5",1,0,0.46043
"199731","CADM4",1,0,0.5494
"1998","ELF2",1,0,0.39439
"199857","ALG14",1,0,0.37309
"199953","TMEM201",1,0,0.39016
"2000","ELF4",1,0,0.3402
"200186","CRTC2",1,0,0.45398
"200734","SPRED2",1,0,0.40668
"200765","TIGD1",1,0,0.42706
"2009","EML1",1,0,0.35535
"2011","MARK2",1,0,0.33133
"201158","FAM18B2",1,0,0.38098
"201255","LRRC45",1,0,0.34164
"201292","TRIM65",1,0,0.38623
"2013","EMP2",1,0,0.93285
"201475","RAB12",1,0,0.47021
"201725","C4orf46",1,0,0.38671
"2018","EMX2",1,0,0.3382
"2019","EN1",1,0,0.44147
"2020","EN2",1,0,0.49637
"2023","ENO1",1,0,1.4693
"2030","SLC29A1",1,0,0.73913
"203068","TUBB",1,0,0.66531
"203245","NAIF1",1,0,0.39446
"203286","ANKS6",1,0,0.35349
"2033","EP300",1,0,0.7188
"2035","EPB41",1,0,0.3602
"2036","EPB41L1",1,0,0.39503
"2037","EPB41L2",1,0,0.38377
"203859","ANO5",1,0,0.52474
"2043","EPHA4",1,0,0.43437
"2050","EPHB4",1,0,0.40437
"2059","EPS8",1,0,0.40497
"206358","SLC36A1",1,0,0.34517
"2069","EREG",1,0,0.51301
"2077","ERF",1,0,0.38436
"2079","ERH",1,0,0.35014
"211","ALAS1",1,0,0.51277
"2117","ETV3",1,0,0.42854
"2118","ETV4",1,0,0.35396
"2120","ETV6",1,0,0.49219
"2122","MECOM",1,0,0.33718
"2134","EXTL1",1,0,0.70994
"2161","F12",1,0,0.4082
"2172","FABP6",1,0,0.35993
"2175","FANCA",1,0,0.39647
"2177","FANCD2",1,0,0.3477
"2181","ACSL3",1,0,0.45834
"2189","FANCG",1,0,0.36186
"2194","FASN",1,0,0.51101
"219654","ZCCHC24",1,0,0.50391
"219743","TYSND1",1,0,0.60881
"220","ALDH1A3",1,0,0.73304
"2204","FCAR",1,0,0.38444
"2206","MS4A2",1,0,0.34268
"220869","CBWD5",1,0,0.41127
"220988","HNRNPA3",1,0,0.43553
"221035","REEP3",1,0,1.0908
"221184","CPNE2",1,0,0.40243
"221443","OARD1",1,0,0.3475
"221687","RNF182",1,0,0.38119
"221749","PXDC1",1,0,0.60964
"221830","TWISTNB",1,0,0.45057
"221908","PPP1R35",1,0,0.4828
"222068","TMED4",1,0,0.71843
"2224","FDPS",1,0,0.4293
"222663","SCUBE3",1,0,0.41977
"2258","FGF13",1,0,0.74076
"226","ALDOA",1,0,0.3566
"2274","FHL2",1,0,1.0121
"2275","FHL3",1,0,0.60225
"22796","COG2",1,0,0.36617
"22806","IKZF3",1,0,0.44693
"22809","ATF5",1,0,0.37925
"22818","COPZ1",1,0,0.72199
"22820","COPG1",1,0,0.35955
"22823","MTF2",1,0,0.54498
"22826","DNAJC8",1,0,0.43322
"22848","AAK1",1,0,0.6582
"22853","LMTK2",1,0,0.43517
"22856","CHSY1",1,0,0.36795
"22864","R3HDM2",1,0,0.67844
"22866","CNKSR2",1,0,0.52206
"22872","SEC31A",1,0,0.85881
"22877","MLXIP",1,0,0.34165
"2288","FKBP4",1,0,0.58171
"22880","MORC2",1,0,0.40538
"22883","CLSTN1",1,0,0.61445
"22884","WDR37",1,0,0.4127
"22891","ZNF365",1,0,0.38938
"22907","DHX30",1,0,0.42449
"22919","MAPRE1",1,0,0.4123
"22921","MSRB2",1,0,0.43499
"22926","ATF6",1,0,0.50776
"22928","SEPHS2",1,0,0.45957
"22932","POMZP3",1,0,0.39319
"22938","SNW1",1,0,0.33599
"22943","DKK1",1,0,0.60811
"2296","FOXC1",1,0,0.41582
"22980","TCF25",1,0,0.48536
"22984","PDCD11",1,0,0.68273
"22995","CEP152",1,0,0.38388
"22998","LIMCH1",1,0,0.53033
"23005","MAPKBP1",1,0,0.36126
"23011","RAB21",1,0,0.72034
"23016","EXOSC7",1,0,0.34439
"23019","CNOT1",1,0,0.4692
"23020","SNRNP200",1,0,0.4395
"23028","KDM1A",1,0,0.59311
"2303","FOXC2",1,0,0.64966
"23039","XPO7",1,0,0.35638
"23042","PDXDC1",1,0,0.36231
"23049","SMG1",1,0,0.33253
"2305","FOXM1",1,0,0.80993
"23065","EMC1",1,0,0.49305
"23085","ERC1",1,0,0.78215
"23089","PEG10",1,0,0.52695
"23095","KIF1B",1,0,0.34533
"23101","MCF2L2",1,0,0.3623
"23102","TBC1D2B",1,0,0.4724
"23107","MRPS27",1,0,0.34091
"23112","TNRC6B",1,0,0.45909
"2312","FLG",1,0,0.35603
"23129","PLXND1",1,0,0.4979
"23131","GPATCH8",1,0,0.37367
"23132","RAD54L2",1,0,0.52607
"23133","PHF8",1,0,0.41656
"23137","SMC5",1,0,0.36841
"2314","FLII",1,0,0.40033
"23141","ANKLE2",1,0,0.43319
"23144","ZC3H3",1,0,0.36542
"23160","WDR43",1,0,0.38403
"2317","FLNB",1,0,0.61948
"23173","METAP1",1,0,0.39878
"23190","UBXN4",1,0,0.47172
"23192","ATG4B",1,0,0.57614
"23195","MDN1",1,0,0.33998
"23208","SYT11",1,0,0.58455
"2321","FLT1",1,0,0.75593
"23214","XPO6",1,0,0.54281
"23215","PRRC2C",1,0,0.5042
"23223","RRP12",1,0,0.46042
"23229","ARHGEF9",1,0,0.46391
"23231","SEL1L3",1,0,0.52555
"23234","DNAJC9",1,0,0.44863
"23276","KLHL18",1,0,0.40262
"23301","EHBP1",1,0,0.70371
"23309","SIN3B",1,0,0.34962
"23326","USP22",1,0,0.55764
"23332","CLASP1",1,0,0.39738
"23333","DPY19L1",1,0,0.34563
"23344","ESYT1",1,0,0.5359
"23350","U2SURP",1,0,0.35318
"23352","UBR4",1,0,0.37354
"23354","HAUS5",1,0,0.44357
"23363","OBSL1",1,0,0.36686
"23369","PUM2",1,0,0.4876
"23376","UFL1",1,0,0.33173
"23381","SMG5",1,0,0.53909
"23384","SPECC1L",1,0,0.34253
"23397","NCAPH",1,0,0.54108
"23399","CTDNEP1",1,0,0.49523
"23406","COTL1",1,0,0.87153
"23417","MLYCD",1,0,0.35966
"2342","FNTB",1,0,0.55093
"23420","NOMO1",1,0,0.56695
"23446","SLC44A1",1,0,0.37141
"23451","SF3B1",1,0,0.47637
"23457","ABCB9",1,0,0.4968
"23462","HEY1",1,0,0.43141
"23463","ICMT",1,0,0.5295
"23474","ETHE1",1,0,0.44807
"23478","SEC11A",1,0,0.52089
"23481","PES1",1,0,0.48434
"23509","POFUT1",1,0,0.41891
"23510","KCTD2",1,0,0.3905
"23518","R3HDM1",1,0,0.33462
"23524","SRRM2",1,0,0.60667
"23532","PRAME",1,0,1.0078
"23534","TNPO3",1,0,0.3521
"23536","ADAT1",1,0,0.58169
"23541","SEC14L2",1,0,0.58251
"23543","RBFOX2",1,0,0.35472
"23549","DNPEP",1,0,0.43538
"23554","TSPAN12",1,0,0.45452
"23555","TSPAN15",1,0,0.34579
"23560","GTPBP4",1,0,0.58691
"23566","LPAR3",1,0,0.41364
"23576","DDAH1",1,0,0.41508
"23587","ELP5",1,0,0.57374
"23589","CARHSP1",1,0,0.97814
"23594","ORC6",1,0,0.57587
"23598","PATZ1",1,0,0.39597
"23609","MKRN2",1,0,0.34613
"23612","PHLDA3",1,0,0.40653
"23613","ZMYND8",1,0,0.56808
"23616","SH3BP1",1,0,0.33899
"23623","RUSC1",1,0,0.36849
"23633","KPNA6",1,0,0.65814
"23644","EDC4",1,0,0.34199
"23657","SLC7A11",1,0,0.81836
"23660","ZKSCAN5",1,0,0.3971
"23677","SH3BP4",1,0,0.34387
"23705","CADM1",1,0,1.1391
"23708","GSPT2",1,0,0.42564
"23743","BHMT2",1,0,0.38203
"23753","SDF2L1",1,0,0.45452
"23760","PITPNB",1,0,0.63059
"23761","PISD",1,0,0.61212
"23764","MAFF",1,0,0.41695
"23767","FLRT3",1,0,0.4893
"23787","MTCH1",1,0,0.3886
"24137","KIF4A",1,0,0.40834
"24140","FTSJ1",1,0,0.78043
"24144","TFIP11",1,0,0.52076
"24147","FJX1",1,0,0.45042
"24148","PRPF6",1,0,0.34869
"246100","CTAG1B",1,0,0.41745
"246243","RNASEH1",1,0,0.69043
"2475","MTOR",1,0,0.35513
"2512","FTL",1,0,0.83346
"2521","FUS",1,0,0.3764
"2523","FUT1",1,0,0.38026
"252839","TMEM9",1,0,0.69516
"253461","ZBTB38",1,0,0.60428
"253558","LCLAT1",1,0,0.46081
"253635","CCDC75",1,0,0.44714
"253714","MMS22L",1,0,0.57232
"2538","G6PC",1,0,0.42419
"2539","G6PD",1,0,0.72142
"254102","EHBP1L1",1,0,0.47933
"2543","GAGE1",1,0,0.9585
"254428","SLC41A1",1,0,0.55933
"2547","XRCC6",1,0,1.2252
"2548","GAA",1,0,0.36356
"254863","C17orf61",1,0,0.34368
"2553","GABPB1",1,0,0.44867
"2556","GABRA3",1,0,0.39507
"2571","GAD1",1,0,0.38018
"257415","FAM133B",1,0,0.36398
"257629","ANKS4B",1,0,0.42039
"25764","HYPK",1,0,0.43757
"25793","FBXO7",1,0,0.3495
"25813","SAMM50",1,0,0.69615
"2582","GALE",1,0,0.35082
"25821","MTO1",1,0,0.36435
"2583","B4GALNT1",1,0,0.5628
"25839","COG4",1,0,0.44477
"25843","MOB4",1,0,0.40053
"25852","ARMC8",1,0,0.41534
"25875","LETMD1",1,0,0.33767
"25880","TMEM186",1,0,0.4375
"25890","ABI3BP",1,0,0.34463
"2590","GALNT2",1,0,0.59838
"25900","IFFO1",1,0,0.39426
"25902","MTHFD1L",1,0,0.51626
"25911","DPCD",1,0,0.38704
"25912","C1orf43",1,0,0.34225
"25915","NDUFAF3",1,0,0.71538
"25917","THUMPD3",1,0,0.40483
"25927","CNRIP1",1,0,0.43703
"25930","PTPN23",1,0,0.44812
"25937","WWTR1",1,0,0.77609
"25938","HEATR5A",1,0,0.43707
"25942","SIN3A",1,0,0.52825
"25946","ZNF385A",1,0,0.43318
"25953","PNKD",1,0,0.44345
"25957","PNISR",1,0,0.59663
"2597","GAPDH",1,0,1.548
"25972","UNC50",1,0,0.38382
"25977","NECAP1",1,0,0.54092
"25980","AAR2",1,0,0.47882
"25983","NGDN",1,0,0.53848
"26010","SPATS2L",1,0,0.81132
"26031","OSBPL3",1,0,0.45558
"26034","IPCEF1",1,0,0.38998
"26035","GLCE",1,0,0.49216
"26037","SIPA1L1",1,0,0.36502
"26052","DNM3",1,0,0.37335
"26057","ANKRD17",1,0,0.35424
"26058","GIGYF2",1,0,0.62376
"26088","GGA1",1,0,0.40786
"26098","C10orf137",1,0,0.38231
"26099","SZRD1",1,0,0.53095
"26123","TCTN3",1,0,0.46104
"26127","FGFR1OP2",1,0,0.65806
"26147","PHF19",1,0,0.38596
"26151","NAT9",1,0,0.35722
"26155","NOC2L",1,0,0.57156
"26156","RSL1D1",1,0,0.71874
"26164","GTPBP5",1,0,0.43826
"2618","GART",1,0,0.40862
"26227","PHGDH",1,0,1.0038
"26233","FBXL6",1,0,0.56537
"26240","FAM50B",1,0,0.37738
"26284","ERAL1",1,0,0.51792
"26286","ARFGAP3",1,0,0.593
"26354","GNL3",1,0,0.6385
"2639","GCDH",1,0,0.50394
"26470","SEZ6L2",1,0,0.38952
"26505","CNNM3",1,0,0.39755
"26509","MYOF",1,0,0.79131
"26528","DAZAP1",1,0,0.58469
"26589","MRPL46",1,0,0.74586
"2665","GDI2",1,0,0.98811
"267","AMFR",1,0,0.58777
"2673","GFPT1",1,0,0.47054
"2677","GGCX",1,0,0.52311
"2683","B4GALT1",1,0,0.35099
"2696","GIPR",1,0,0.34115
"26985","AP3M1",1,0,0.40904
"26993","AKAP8L",1,0,0.41445
"27013","CNPPD1",1,0,0.40682
"27020","NPTN",1,0,0.49797
"27022","FOXD3",1,0,0.52506
"27031","NPHP3",1,0,0.36385
"27032","ATP2C1",1,0,0.37121
"27037","TRMT2A",1,0,0.43423
"27044","SND1",1,0,0.45626
"27063","ANKRD1",1,0,0.44097
"27069","GHITM",1,0,0.67185
"27074","LAMP3",1,0,0.35171
"27075","TSPAN13",1,0,0.63883
"27097","TAF5L",1,0,0.33715
"27106","ARRDC2",1,0,0.39956
"27122","DKK3",1,0,0.3779
"27131","SNX5",1,0,0.42161
"27161","EIF2C2",1,0,0.34316
"27163","NAAA",1,0,0.50286
"27181","SIGLEC8",1,0,0.34931
"27183","VPS4A",1,0,0.45095
"27230","SERP1",1,0,0.43346
"27249","MMADHC",1,0,0.50757
"27301","APEX2",1,0,0.54172
"27336","HTATSF1",1,0,0.51674
"27338","UBE2S",1,0,0.4365
"2734","GLG1",1,0,0.54216
"27340","UTP20",1,0,0.55908
"27341","RRP7A",1,0,0.58346
"27343","POLL",1,0,0.33417
"27351","DESI1",1,0,0.36245
"2736","GLI2",1,0,0.45581
"2746","GLUD1",1,0,0.47779
"2752","GLUL",1,0,0.66594
"2762","GMDS",1,0,0.37575
"2771","GNAI2",1,0,0.81181
"2778","GNAS",1,0,0.38741
"2782","GNB1",1,0,0.7879
"2783","GNB2",1,0,0.50659
"2786","GNG4",1,0,0.71029
"2805","GOT1",1,0,0.69639
"2806","GOT2",1,0,0.5107
"2813","GP2",1,0,0.41731
"2820","GPD2",1,0,0.61818
"2823","GPM6A",1,0,0.33745
"28231","SLCO4A1",1,0,0.43136
"2827","GPR3",1,0,0.38487
"283373","ANKRD52",1,0,0.33954
"2835","GPR12",1,0,0.45779
"283820","NOMO2",1,0,0.44237
"283871","PGP",1,0,0.49201
"283899","INO80E",1,0,0.57313
"283989","TSEN54",1,0,0.3438
"284001","CCDC57",1,0,0.49366
"284110","GSDMA",1,0,0.40249
"284325","C19orf54",1,0,0.3979
"284565","NBPF15",1,0,0.42246
"284656","EPHA10",1,0,0.33939
"284695","ZNF326",1,0,0.55748
"284996","RNF149",1,0,0.3803
"28512","NKIRAS1",1,0,0.36139
"285148","IAH1",1,0,0.61089
"285367","RPUSD3",1,0,0.53435
"285381","DPH3",1,0,0.411
"285643","KIF4B",1,0,0.43352
"286262","TPRN",1,0,0.45061
"2872","MKNK2",1,0,0.56048
"2876","GPX1",1,0,0.8075
"288","ANK3",1,0,0.62971
"2887","GRB10",1,0,0.42818
"28955","DEXI",1,0,0.35769
"28960","DCPS",1,0,0.35025
"28969","BZW2",1,0,0.51752
"28972","SPCS1",1,0,0.52657
"28973","MRPS18B",1,0,0.33643
"28974","C19orf53",1,0,0.4394
"28978","TMEM14A",1,0,0.44758
"28987","NOB1",1,0,0.58748
"28992","MACROD1",1,0,0.3958
"28996","HIPK2",1,0,0.61137
"28999","KLF15",1,0,0.40335
"290","ANPEP",1,0,0.35435
"29015","SLC43A3",1,0,0.52886
"29028","ATAD2",1,0,0.39495
"29072","SETD2",1,0,0.41105
"29078","NDUFAF4",1,0,0.42165
"29080","CCDC59",1,0,0.3951
"29089","UBE2T",1,0,0.55346
"2909","ARHGAP35",1,0,0.33081
"29095","ORMDL2",1,0,0.34886
"29098","RANGRF",1,0,0.44318
"29100","TMEM208",1,0,0.70161
"29101","SSU72",1,0,0.54913
"29105","C16orf80",1,0,0.51704
"29109","FHOD1",1,0,0.50175
"29117","BRD7",1,0,0.53116
"29123","ANKRD11",1,0,0.72708
"29127","RACGAP1",1,0,0.58873
"2931","GSK3A",1,0,0.41329
"2936","GSR",1,0,0.42524
"2956","MSH6",1,0,0.39421
"2976","GTF3C2",1,0,0.59105
"29763","PACSIN3",1,0,0.41776
"29775","CARD10",1,0,0.43088
"29777","ABT1",1,0,0.41682
"29780","PARVB",1,0,0.40817
"29781","NCAPH2",1,0,0.72911
"29789","OLA1",1,0,0.38604
"29843","SENP1",1,0,0.45436
"29855","UBN1",1,0,0.67231
"29889","GNL2",1,0,0.3579
"29890","RBM15B",1,0,0.4037
"29893","PSMC3IP",1,0,0.34922
"29896","TRA2A",1,0,0.60735
"2990","GUSB",1,0,0.54828
"29914","UBIAD1",1,0,0.4253
"29920","PYCR2",1,0,0.64192
"29926","GMPPA",1,0,0.56819
"29927","SEC61A1",1,0,0.49281
"29948","OSGIN1",1,0,0.33607
"29959","NRBP1",1,0,0.46764
"29965","CDIP1",1,0,0.34533
"29995","LMCD1",1,0,0.64032
"30000","TNPO2",1,0,0.34014
"301","ANXA1",1,0,0.77569
"302","ANXA2",1,0,1.2185
"3028","HSD17B10",1,0,0.60662
"3029","HAGH",1,0,0.52302
"3030","HADHA",1,0,0.55436
"3032","HADHB",1,0,0.64434
"3053","SERPIND1",1,0,0.40728
"3068","HDGF",1,0,0.52713
"3069","HDLBP",1,0,0.84868
"3073","HEXA",1,0,0.58231
"308","ANXA5",1,0,0.82352
"30827","CXXC1",1,0,0.40028
"30833","NT5C",1,0,0.39343
"30834","ZNRD1",1,0,0.42098
"30835","CD209",1,0,0.46229
"30836","DNTTIP2",1,0,0.39399
"30845","EHD3",1,0,0.50159
"30848","CTAG2",1,0,0.72048
"3087","HHEX",1,0,0.49648
"309","ANXA6",1,0,0.34728
"30968","STOML2",1,0,0.36842
"3106","HLA-B",1,0,0.97786
"3107","HLA-C",1,0,0.38537
"3109","HLA-DMB",1,0,0.75073
"311","ANXA11",1,0,0.45698
"3113","HLA-DPA1",1,0,1.1996
"3115","HLA-DPB1",1,0,1.1007
"3117","HLA-DQA1",1,0,0.93201
"3118","HLA-DQA2",1,0,0.88311
"3123","HLA-DRB1",1,0,1.5344
"3127","HLA-DRB5",1,0,1.344
"3135","HLA-G",1,0,0.43596
"3151","HMGN2",1,0,0.56916
"3159","HMGA1",1,0,0.97758
"3164","NR4A1",1,0,0.56369
"318","NUDT2",1,0,0.38421
"3183","HNRNPC",1,0,0.503
"3184","HNRNPD",1,0,0.44572
"3189","HNRNPH3",1,0,0.45268
"319","APOF",1,0,0.36835
"3200","HOXA3",1,0,0.77772
"3217","HOXB7",1,0,0.5537
"3241","HPCAL1",1,0,0.85819
"3265","HRAS",1,0,0.36527
"3276","PRMT1",1,0,0.47533
"3281","HSBP1",1,0,0.8831
"330","BIRC3",1,0,0.35071
"331","XIAP",1,0,0.39226
"332","BIRC5",1,0,0.57522
"3329","HSPD1",1,0,0.62474
"3336","HSPE1",1,0,0.54864
"3344","FOXN2",1,0,0.42552
"3356","HTR2A",1,0,0.36457
"3363","HTR7",1,0,0.36233
"3371","TNC",1,0,0.67587
"3385","ICAM3",1,0,0.48753
"3386","ICAM4",1,0,0.40615
"339230","CCDC137",1,0,0.35343
"339231","ARL16",1,0,0.40432
"339448","C1orf174",1,0,0.73058
"339487","ZBTB8OS",1,0,0.44345
"339665","SLC35E4",1,0,0.35406
"341640","FREM2",1,0,0.33849
"3417","IDH1",1,0,0.51132
"3419","IDH3A",1,0,0.39704
"3421","IDH3G",1,0,0.3385
"342184","FMN1",1,0,0.42092
"342538","NACA2",1,0,0.58635
"3460","IFNGR2",1,0,0.76501
"3476","IGBP1",1,0,0.47198
"347688","TUBB8",1,0,0.50556
"3485","IGFBP2",1,0,0.42267
"3486","IGFBP3",1,0,0.69296
"3487","IGFBP4",1,0,0.67537
"348793","WDR53",1,0,0.36103
"3489","IGFBP6",1,0,0.54797
"3490","IGFBP7",1,0,0.34328
"353","APRT",1,0,0.41489
"353274","ZNF445",1,0,0.34169
"3554","IL1R1",1,0,0.41154
"357","SHROOM2",1,0,0.39337
"3576","IL8",1,0,0.36308
"3586","IL10",1,0,0.34888
"3590","IL11RA",1,0,0.37077
"3607","FOXK2",1,0,0.45832
"3608","ILF2",1,0,0.65414
"3615","IMPDH2",1,0,0.61612
"3621","ING1",1,0,0.44376
"3624","INHBA",1,0,0.41994
"3632","INPP5A",1,0,0.35965
"3655","ITGA6",1,0,0.84051
"3669","ISG20",1,0,0.68384
"3675","ITGA3",1,0,0.46738
"3676","ITGA4",1,0,0.41224
"3678","ITGA5",1,0,0.65559
"3688","ITGB1",1,0,0.63497
"369","ARAF",1,0,0.44811
"3692","EIF6",1,0,0.79469
"3693","ITGB5",1,0,0.7478
"3696","ITGB8",1,0,0.77752
"3710","ITPR3",1,0,0.71831
"3712","IVD",1,0,0.54908
"3716","JAK1",1,0,0.38787
"3732","CD82",1,0,0.43384
"3738","KCNA3",1,0,0.37527
"373863","DND1",1,0,0.34574
"374354","NHLRC2",1,0,0.56601
"374654","KIF7",1,0,0.35023
"374659","HDDC3",1,0,0.41346
"375035","SFT2D2",1,0,0.33863
"375248","ANKRD36",1,0,0.49462
"3755","KCNG1",1,0,0.69871
"375757","SWI5",1,0,0.55723
"3759","KCNJ2",1,0,0.44089
"3762","KCNJ5",1,0,0.41764
"376267","RAB15",1,0,0.34629
"3778","KCNMA1",1,0,0.40443
"378","ARF4",1,0,0.65425
"3782","KCNN3",1,0,0.52129
"3783","KCNN4",1,0,0.87728
"3790","KCNS3",1,0,0.50591
"3795","KHK",1,0,0.35798
"3799","KIF5B",1,0,0.38113
"3831","KLC1",1,0,0.40759
"3835","KIF22",1,0,0.69901
"3855","KRT7",1,0,0.48378
"3861","KRT14",1,0,0.71552
"387509","GPR153",1,0,0.45583
"387521","TMEM189",1,0,0.42212
"387882","C12orf75",1,0,0.78392
"388272","C16orf87",1,0,0.4339
"389","RHOC",1,0,1.2389
"389072","PLEKHM3",1,0,0.39122
"389203","C4orf52",1,0,0.44023
"389400","GFRAL",1,0,0.3479
"389541","LAMTOR4",1,0,0.76055
"3897","L1CAM",1,0,0.35219
"3913","LAMB2",1,0,0.40021
"3920","LAMP2",1,0,0.70538
"3927","LASP1",1,0,0.37529
"3949","LDLR",1,0,0.56659
"3954","LETM1",1,0,0.47298
"396","ARHGDIA",1,0,0.46126
"3976","LIF",1,0,0.35262
"3985","LIMK2",1,0,0.52417
"3987","LIMS1",1,0,0.42998
"399","RHOH",1,0,0.35424
"4000","LMNA",1,0,0.36649
"400506","C16orf88",1,0,0.38384
"4007","PRICKLE3",1,0,0.48944
"4013","VWA5A",1,0,0.48593
"4017","LOXL2",1,0,0.60516
"4023","LPL",1,0,0.41375
"403","ARL3",1,0,0.65718
"4069","LYZ",1,0,0.42866
"4071","TM4SF1",1,0,0.87974
"4074","M6PR",1,0,0.62125
"408050","NOMO3",1,0,0.42702
"4094","MAF",1,0,0.7038
"4101","MAGEA2",1,0,0.51969
"4102","MAGEA3",1,0,0.97677
"4103","MAGEA4",1,0,0.52045
"4105","MAGEA6",1,0,1.1781
"4109","MAGEA10",1,0,0.44876
"411","ARSB",1,0,0.40593
"4111","MAGEA12",1,0,0.6417
"4122","MAN2A2",1,0,0.35832
"4123","MAN2C1",1,0,0.3611
"4134","MAP4",1,0,0.70752
"4149","MAX",1,0,0.33653
"4150","MAZ",1,0,0.34993
"415116","PIM3",1,0,0.43975
"4152","MBD1",1,0,0.372
"4154","MBNL1",1,0,0.4001
"4158","MC2R",1,0,0.41498
"4162","MCAM",1,0,0.63434
"4171","MCM2",1,0,0.45564
"4172","MCM3",1,0,0.40435
"4174","MCM5",1,0,0.54283
"4175","MCM6",1,0,0.48783
"4176","MCM7",1,0,0.70053
"4190","MDH1",1,0,0.34213
"4201","MEA1",1,0,0.51433
"4205","MEF2A",1,0,0.37304
"4210","MEFV",1,0,0.42459
"4234","METTL1",1,0,0.6699
"4237","MFAP2",1,0,0.52183
"4240","MFGE8",1,0,0.39369
"4261","CIITA",1,0,0.57592
"4282","MIF",1,0,0.62433
"4288","MKI67",1,0,0.53345
"4292","MLH1",1,0,0.55335
"4317","MMP8",1,0,0.42937
"4331","MNAT1",1,0,0.46618
"4336","MOBP",1,0,0.4153
"4340","MOG",1,0,0.41892
"4352","MPL",1,0,0.43509
"4358","MPV17",1,0,0.64479
"440","ASNS",1,0,0.82013
"440275","EIF2AK4",1,0,0.55216
"440590","ZYG11A",1,0,0.39077
"4436","MSH2",1,0,0.39494
"4478","MSN",1,0,0.60783
"4482","MSRA",1,0,0.37789
"4493","MT1E",1,0,0.42886
"4495","MT1G",1,0,0.35975
"4501","MT1X",1,0,0.69228
"4502","MT2A",1,0,0.85241
"4507","MTAP",1,0,0.8478
"4521","NUDT1",1,0,0.39461
"4580","MTX1",1,0,0.44144
"4595","MUTYH",1,0,0.40351
"4597","MVD",1,0,0.39917
"4600","MX2",1,0,0.70416
"4616","GADD45B",1,0,0.47704
"4643","MYO1E",1,0,0.62907
"4649","MYO9A",1,0,0.35411
"4650","MYO9B",1,0,0.52386
"4665","NAB2",1,0,0.44971
"4666","NACA",1,0,1.0446
"4691","NCL",1,0,0.92983
"4700","NDUFA6",1,0,0.53976
"4704","NDUFA9",1,0,0.68863
"4705","NDUFA10",1,0,0.69983
"4709","NDUFB3",1,0,0.47336
"471","ATIC",1,0,0.61337
"4714","NDUFB8",1,0,0.66397
"4716","NDUFB10",1,0,0.42803
"473","RERE",1,0,0.4477
"4733","DRG1",1,0,0.69447
"4734","NEDD4",1,0,0.45437
"4739","NEDD9",1,0,0.39146
"475","ATOX1",1,0,0.62537
"4760","NEUROD1",1,0,0.47387
"4761","NEUROD2",1,0,0.42142
"477","ATP1A2",1,0,0.40326
"4771","NF2",1,0,0.36995
"4775","NFATC3",1,0,0.46361
"4784","NFIX",1,0,0.42084
"4796","TONSL",1,0,0.39672
"4804","NGFR",1,0,0.60704
"4817","NIT1",1,0,0.33858
"4820","NKTR",1,0,0.5457
"4831","NME2",1,0,0.68501
"4839","NOP2",1,0,0.6939
"4841","NONO",1,0,0.54191
"4842","NOS1",1,0,0.40839
"4848","CNOT2",1,0,0.34684
"4849","CNOT3",1,0,0.46771
"4850","CNOT4",1,0,0.34359
"4860","PNP",1,0,0.391
"4862","NPAS2",1,0,0.50114
"4868","NPHS1",1,0,0.35397
"488","ATP2A2",1,0,0.33958
"4893","NRAS",1,0,0.40405
"4907","NT5E",1,0,0.68855
"4913","NTHL1",1,0,0.42151
"4921","DDR2",1,0,0.46625
"493","ATP2B4",1,0,0.50548
"493829","TRIM72",1,0,0.41834
"4942","OAT",1,0,0.6066
"4953","ODC1",1,0,0.57359
"4967","OGDH",1,0,0.43508
"4968","OGG1",1,0,0.42717
"4983","OPHN1",1,0,0.38007
"4985","OPRD1",1,0,0.35278
"4988","OPRM1",1,0,0.54137
"4998","ORC1",1,0,0.54799
"50","ACO2",1,0,0.56923
"5000","ORC4",1,0,0.34343
"5032","P2RY11",1,0,0.37739
"5034","P4HB",1,0,0.51209
"5036","PA2G4",1,0,0.50727
"5037","PEBP1",1,0,0.42397
"5045","FURIN",1,0,0.65858
"50485","SMARCAL1",1,0,0.53972
"50507","NOX4",1,0,0.33822
"50511","SYCP3",1,0,0.3941
"5055","SERPINB2",1,0,0.56671
"5058","PAK1",1,0,0.38808
"50626","CYHR1",1,0,0.3806
"5066","PAM",1,0,0.37622
"5073","PARN",1,0,0.48311
"50813","COPS7A",1,0,0.6079
"50863","NTM",1,0,0.68475
"5093","PCBP1",1,0,0.72369
"5094","PCBP2",1,0,0.51676
"5097","PCDH1",1,0,0.40408
"51011","FAHD2A",1,0,0.46976
"51018","RRP15",1,0,0.56636
"51021","MRPS16",1,0,0.51866
"51026","GOLT1B",1,0,0.47844
"5104","SERPINA5",1,0,0.37241
"51056","LAP3",1,0,0.51742
"5106","PCK2",1,0,0.53298
"51067","YARS2",1,0,0.51635
"51069","MRPL2",1,0,0.51357
"51072","MEMO1",1,0,0.39836
"51078","THAP4",1,0,0.69199
"51088","KLHL5",1,0,0.34722
"51093","RRNAD1",1,0,0.38668
"51097","SCCPDH",1,0,0.58705
"51103","NDUFAF1",1,0,0.38419
"51107","APH1A",1,0,0.38315
"51109","RDH11",1,0,0.36036
"51112","TRAPPC12",1,0,0.63878
"51116","MRPS2",1,0,0.41336
"51122","COMMD2",1,0,0.42883
"51144","HSD17B12",1,0,0.43116
"51154","MRTO4",1,0,0.44472
"51163","DBR1",1,0,0.41156
"51170","HSD17B11",1,0,0.48231
"51176","LEF1",1,0,0.47437
"51192","CKLF",1,0,0.48631
"51202","DDX47",1,0,0.82751
"51203","NUSAP1",1,0,0.36694
"51205","ACP6",1,0,0.5611
"51228","GLTP",1,0,0.52519
"51232","CRIM1",1,0,0.70416
"51234","EMC4",1,0,0.59112
"51239","ANKRD39",1,0,0.73122
"51244","CCDC174",1,0,0.42247
"51246","SHISA5",1,0,0.43159
"51248","PDZD11",1,0,0.35968
"51252","FAM178B",1,0,0.41156
"51258","MRPL51",1,0,1.1982
"51259","TMEM216",1,0,0.59154
"51263","MRPL30",1,0,0.46634
"5127","CDK16",1,0,0.33633
"51283","BFAR",1,0,0.64852
"51284","TLR7",1,0,0.52228
"51290","ERGIC2",1,0,0.80501
"51300","TIMMDC1",1,0,0.65296
"51303","FKBP11",1,0,0.63989
"51312","SLC25A37",1,0,0.35631
"51315","KRCC1",1,0,0.44616
"51329","ARL6IP4",1,0,0.3373
"51330","TNFRSF12A",1,0,0.55997
"51367","POP5",1,0,0.4802
"51372","TMA7",1,0,0.50153
"51374","ATRAID",1,0,0.64919
"51386","EIF3L",1,0,0.49814
"51388","NIP7",1,0,0.62062
"51393","TRPV2",1,0,0.59075
"51398","WDR83OS",1,0,0.63264
"5141","PDE4A",1,0,0.40022
"51421","AMOTL2",1,0,0.47795
"51428","DDX41",1,0,0.41474
"51433","ANAPC5",1,0,0.50026
"51438","MAGEC2",1,0,0.40495
"51441","YTHDF2",1,0,0.51808
"51451","LCMT1",1,0,0.61765
"51454","GULP1",1,0,0.70226
"51455","REV1",1,0,0.34921
"51465","UBE2J1",1,0,0.5019
"51493","C22orf28",1,0,1.0181
"5151","PDE8A",1,0,0.39607
"51512","GTSE1",1,0,0.56312
"51514","DTL",1,0,0.43842
"51517","NCKIPSD",1,0,0.39026
"51522","TMEM14C",1,0,0.76227
"51526","C20orf111",1,0,0.34987
"51530","ZC3HC1",1,0,0.52475
"51535","PPHLN1",1,0,0.33107
"51537","MTFP1",1,0,0.44891
"51538","ZCCHC17",1,0,0.62863
"5154","PDGFA",1,0,0.64976
"51540","SCLY",1,0,0.40164
"51547","SIRT7",1,0,0.48498
"51557","LGSN",1,0,0.40901
"51586","MED15",1,0,0.60115
"51592","TRIM33",1,0,0.43306
"51593","SRRT",1,0,0.34346
"51594","NBAS",1,0,0.47014
"51596","CUTA",1,0,0.61125
"51599","LSR",1,0,0.3923
"51602","NOP58",1,0,0.54922
"51608","GET4",1,0,0.579
"51621","KLF13",1,0,0.33432
"51634","RBMX2",1,0,0.3729
"51649","MRPS23",1,0,0.35171
"51654","CDK5RAP1",1,0,0.47275
"51657","STYXL1",1,0,0.52524
"51659","GINS2",1,0,0.51172
"51661","FKBP7",1,0,0.36644
"51665","ASB1",1,0,0.3445
"51692","CPSF3",1,0,0.5857
"51700","CYB5R2",1,0,0.57885
"51728","POLR3K",1,0,0.74613
"51734","MSRB1",1,0,0.38363
"51768","TM7SF3",1,0,0.43835
"51805","COQ3",1,0,0.49265
"5184","PEPD",1,0,0.34216
"5190","PEX6",1,0,0.55379
"5195","PEX14",1,0,0.42039
"52","ACP1",1,0,0.70275
"5204","PFDN5",1,0,0.59098
"5213","PFKM",1,0,0.57168
"5214","PFKP",1,0,0.58094
"5226","PGD",1,0,0.88388
"5230","PGK1",1,0,0.35203
"5232","PGK2",1,0,0.39681
"5238","PGM3",1,0,0.44799
"5261","PHKG2",1,0,0.47942
"5270","SERPINE2",1,0,0.88591
"5271","SERPINB8",1,0,0.40996
"5272","SERPINB9",1,0,0.3842
"5273","SERPINB10",1,0,0.45002
"5279","PIGC",1,0,0.34888
"529","ATP6V1E1",1,0,0.66021
"5292","PIM1",1,0,0.43249
"5293","PIK3CD",1,0,0.40289
"5315","PKM",1,0,1.3477
"5316","PKNOX1",1,0,0.45711
"5329","PLAUR",1,0,0.91842
"533","ATP6V0B",1,0,0.84958
"53371","NUP54",1,0,0.57854
"5339","PLEC",1,0,0.63426
"53407","STX18",1,0,0.41877
"5355","PLP2",1,0,0.47866
"5365","PLXNB3",1,0,0.4296
"5372","PMM1",1,0,0.5695
"5373","PMM2",1,0,0.68281
"5376","PMP22",1,0,0.46036
"53827","FXYD5",1,0,0.92062
"5393","EXOSC9",1,0,0.68911
"5394","EXOSC10",1,0,0.54259
"53981","CPSF2",1,0,0.38733
"54187","NANS",1,0,0.44162
"54206","ERRFI1",1,0,0.39322
"5422","POLA1",1,0,0.3702
"5424","POLD1",1,0,0.36102
"5428","POLG",1,0,0.42647
"5430","POLR2A",1,0,0.51721
"5431","POLR2B",1,0,0.50445
"5432","POLR2C",1,0,0.63804
"54331","GNG2",1,0,0.64508
"5438","POLR2I",1,0,0.39446
"54386","TERF2IP",1,0,0.51013
"54407","SLC38A2",1,0,0.37628
"54434","SSH1",1,0,0.43247
"54442","KCTD5",1,0,0.49171
"54455","FBXO42",1,0,0.44895
"54476","RNF216",1,0,0.52849
"54487","DGCR8",1,0,0.43481
"54496","PRMT7",1,0,0.48706
"54520","CCDC93",1,0,0.48147
"54532","USP53",1,0,0.57069
"54536","EXOC6",1,0,0.43176
"5454","POU3F2",1,0,0.55183
"54541","DDIT4",1,0,0.45876
"54543","TOMM7",1,0,0.7667
"54552","GNL3L",1,0,0.33628
"54555","DDX49",1,0,0.41324
"54596","L1TD1",1,0,0.43292
"54606","DDX56",1,0,0.41352
"54617","INO80",1,0,0.45977
"54626","HES2",1,0,0.35423
"54676","GTPBP2",1,0,0.46067
"5471","PPAT",1,0,0.50224
"54741","LEPROT",1,0,0.57665
"54742","LY6K",1,0,0.57668
"54762","GRAMD1C",1,0,0.49766
"54764","ZRANB1",1,0,0.38426
"54788","DNAJB12",1,0,0.37517
"5479","PPIB",1,0,0.92023
"54805","CNNM2",1,0,0.39156
"54839","LRRC49",1,0,0.42636
"54849","DEF8",1,0,0.43216
"54856","GON4L",1,0,0.34989
"54859","ELP6",1,0,0.3976
"548593","SLX1A",1,0,0.40257
"54867","TMEM214",1,0,0.56938
"54870","QRICH1",1,0,0.41852
"54872","PIGG",1,0,0.4404
"54876","DCAF16",1,0,0.41935
"54880","BCOR",1,0,0.47723
"54890","ALKBH5",1,0,0.40189
"54891","INO80D",1,0,0.52991
"54902","TTC19",1,0,0.4909
"54928","IMPAD1",1,0,0.48501
"54939","COMMD4",1,0,0.62472
"54940","OCIAD1",1,0,0.54886
"54946","SLC41A3",1,0,0.44076
"54947","LPCAT2",1,0,0.76367
"54952","TRNAU1AP",1,0,0.47337
"54954","FAM120C",1,0,0.4866
"5496","PPM1G",1,0,0.65071
"54971","BANP",1,0,0.34236
"54977","SLC25A38",1,0,0.7454
"54994","GID8",1,0,0.46234
"55002","TMCO3",1,0,0.37492
"55006","TRMT61B",1,0,0.58223
"55017","C14orf119",1,0,0.36813
"55023","PHIP",1,0,0.35991
"55034","MOCOS",1,0,0.59899
"55037","PTCD3",1,0,0.42214
"55041","PLEKHB2",1,0,0.74831
"55051","NRDE2",1,0,0.42263
"55052","MRPL20",1,0,0.87025
"55054","ATG16L1",1,0,0.51642
"55066","PDPR",1,0,0.48845
"55069","TMEM248",1,0,0.38012
"55072","RNF31",1,0,0.44565
"55080","TAPBPL",1,0,0.39802
"55093","WDYHV1",1,0,0.36422
"55095","SAMD4B",1,0,0.34823
"55107","ANO1",1,0,0.54649
"55110","MAGOHB",1,0,0.66264
"55114","ARHGAP17",1,0,0.37214
"55116","TMEM39B",1,0,0.40076
"55119","PRPF38B",1,0,0.44732
"55131","RBM28",1,0,0.37571
"55133","SRBD1",1,0,0.42527
"55135","WRAP53",1,0,0.38444
"5514","PPP1R10",1,0,0.41551
"55144","LRRC8D",1,0,0.35613
"55147","RBM23",1,0,0.36847
"55149","MTPAP",1,0,0.79064
"55154","MSTO1",1,0,0.40029
"55159","RFWD3",1,0,0.43334
"55161","TMEM33",1,0,0.8994
"55163","PNPO",1,0,0.38964
"55168","MRPS18A",1,0,0.60082
"55177","FAM82A2",1,0,0.35956
"55181","SMG8",1,0,0.3572
"55182","RNF220",1,0,0.41495
"55188","RIC8B",1,0,0.36807
"55192","DNAJC17",1,0,0.59929
"55198","APPL2",1,0,0.35485
"552","AVPR1A",1,0,0.36159
"55209","SETD5",1,0,0.37266
"55210","ATAD3A",1,0,0.57752
"55211","DPPA4",1,0,0.36674
"55215","FANCI",1,0,0.4589
"55229","PANK4",1,0,0.48084
"55233","MOB1A",1,0,0.62864
"55234","SMU1",1,0,0.64686
"55239","OGFOD1",1,0,0.45543
"55249","YY1AP1",1,0,0.55168
"55252","ASXL2",1,0,0.3987
"55253","TYW1",1,0,0.55543
"55254","TMEM39A",1,0,0.54706
"55257","MRGBP",1,0,0.42487
"55266","TMEM19",1,0,0.33758
"55272","IMP3",1,0,0.50868
"55276","PGM2",1,0,0.37759
"55278","QRSL1",1,0,0.35872
"55280","CWF19L1",1,0,0.48201
"552900","BOLA2B",1,0,0.50728
"55308","DDX19A",1,0,0.37425
"5531","PPP4C",1,0,0.41809
"553115","PEF1",1,0,0.51331
"55319","TMA16",1,0,0.39046
"55323","LARP6",1,0,0.34261
"55327","LIN7C",1,0,0.33212
"55330","BLOC1S4",1,0,0.37941
"55351","STK32B",1,0,0.62558
"55352","C17orf79",1,0,0.43493
"55355","HJURP",1,0,0.33174
"55361","PI4K2A",1,0,0.43197
"5538","PPT1",1,0,0.44282
"55388","MCM10",1,0,0.44409
"5546","PRCC",1,0,0.54591
"55471","NDUFAF7",1,0,0.4059
"5549","PRELP",1,0,0.59197
"5550","PREP",1,0,0.53913
"55500","ETNK1",1,0,0.73505
"55505","NOP10",1,0,0.55481
"55509","BATF3",1,0,0.44768
"55527","FEM1A",1,0,0.36453
"55534","MAML3",1,0,0.53154
"55536","CDCA7L",1,0,0.36501
"5554","PRH1",1,0,0.4358
"55544","RBM38",1,0,0.53219
"55559","HAUS7",1,0,0.35145
"5557","PRIM1",1,0,0.52258
"55572","FOXRED1",1,0,0.36537
"55577","NAGK",1,0,0.39999
"55585","UBE2Q1",1,0,0.4632
"55608","ANKRD10",1,0,0.39757
"55614","KIF16B",1,0,0.46057
"55623","THUMPD1",1,0,0.43617
"55624","POMGNT1",1,0,0.4632
"55625","ZDHHC7",1,0,0.4842
"55627","SMPD4",1,0,0.41499
"5564","PRKAB1",1,0,0.47308
"55644","OSGEP",1,0,0.33893
"55653","BCAS4",1,0,0.53189
"55654","TMEM127",1,0,0.38004
"55658","RNF126",1,0,0.3899
"55661","DDX27",1,0,0.42737
"55666","NPLOC4",1,0,0.5198
"5567","PRKACB",1,0,0.7655
"55676","SLC30A6",1,0,0.36858
"55677","IWS1",1,0,0.42375
"55695","NSUN5",1,0,0.40127
"55701","ARHGEF40",1,0,0.35099
"55707","NECAP2",1,0,0.57154
"5571","PRKAG1",1,0,0.42424
"55717","WDR11",1,0,0.48301
"55720","TSR1",1,0,0.39453
"55735","DNAJC11",1,0,0.58544
"55738","ARFGAP1",1,0,0.34402
"55741","EDEM2",1,0,0.35376
"55744","COA1",1,0,0.42807
"5575","PRKAR1B",1,0,0.65562
"55750","AGK",1,0,0.38577
"55759","WDR12",1,0,0.50316
"55760","DHX32",1,0,0.3576
"55775","TDP1",1,0,0.3697
"55790","CSGALNACT1",1,0,0.50453
"55794","DDX28",1,0,0.45177
"55795","PCID2",1,0,0.51489
"55806","HR",1,0,0.53045
"55810","FOXJ2",1,0,0.49972
"55830","GLT8D1",1,0,0.36045
"55839","CENPN",1,0,0.41377
"55844","PPP2R2D",1,0,0.43223
"55845","BRK1",1,0,0.54156
"55846","ITFG2",1,0,0.50954
"5585","PKN1",1,0,0.34599
"55850","USE1",1,0,0.39074
"55854","ZC3H15",1,0,0.37866
"55858","TMEM165",1,0,0.49283
"55870","ASH1L",1,0,0.36135
"55884","WSB2",1,0,0.55302
"55893","ZNF395",1,0,0.34997
"5590","PRKCZ",1,0,0.50441
"55904","MLL5",1,0,0.34495
"55909","BIN3",1,0,0.42299
"55917","CTTNBP2NL",1,0,0.55275
"55920","RCC2",1,0,0.80642
"55929","DMAP1",1,0,0.43449
"5595","MAPK3",1,0,0.42122
"55970","GNG12",1,0,0.59453
"56006","SMG9",1,0,0.53754
"56033","BARX1",1,0,0.39121
"5604","MAP2K1",1,0,0.51251
"56052","ALG1",1,0,0.38908
"5606","MAP2K3",1,0,0.58708
"56061","UBFD1",1,0,0.37969
"56159","TEX11",1,0,0.41985
"56165","TDRD1",1,0,0.40152
"56243","KIAA1217",1,0,0.41407
"56256","SERTAD4",1,0,0.4071
"56257","MEPCE",1,0,0.36069
"56259","CTNNBL1",1,0,0.68165
"563","AZGP1",1,0,0.48764
"5631","PRPS1",1,0,0.46292
"56339","METTL3",1,0,0.3379
"5634","PRPS2",1,0,0.71759
"56342","PPAN",1,0,0.37246
"5655","KLK10",1,0,0.36161
"56650","CLDND1",1,0,0.38366
"56655","POLE4",1,0,0.45413
"567","B2M",1,0,0.52757
"56829","ZC3HAV1",1,0,0.44405
"56850","GRIPAP1",1,0,0.36487
"56851","EMC7",1,0,0.50168
"56852","RAD18",1,0,0.34585
"5686","PSMA5",1,0,0.46939
"56882","CDC42SE1",1,0,0.36081
"56886","UGGT1",1,0,0.70479
"56888","KCMF1",1,0,0.44274
"56897","WRNIP1",1,0,0.38626
"56898","BDH2",1,0,0.34062
"56902","PNO1",1,0,0.50502
"56905","C15orf39",1,0,0.41636
"56910","STARD7",1,0,0.35198
"56915","EXOSC5",1,0,0.3715
"56937","PMEPA1",1,0,1.1197
"56948","SDR39U1",1,0,0.44897
"56965","PARP6",1,0,0.47001
"56970","ATXN7L3",1,0,0.3663
"56975","FAM20C",1,0,0.37306
"5699","PSMB10",1,0,0.35422
"56992","KIF15",1,0,0.38535
"56993","TOMM22",1,0,0.40136
"56994","CHPT1",1,0,0.34137
"56998","CTNNBIP1",1,0,0.62478
"5700","PSMC1",1,0,0.49887
"57010","CABP4",1,0,0.44735
"57017","COQ9",1,0,0.36394
"57018","CCNL1",1,0,0.51079
"57019","CIAPIN1",1,0,0.77187
"57026","PDXP",1,0,0.41736
"5704","PSMC4",1,0,0.36726
"57060","PCBP4",1,0,0.44812
"5707","PSMD1",1,0,0.44834
"57117","INTS12",1,0,0.38322
"57122","NUP107",1,0,1.0749
"57128","LYRM4",1,0,0.42286
"5713","PSMD7",1,0,0.5094
"57130","ATP13A1",1,0,0.44746
"5714","PSMD8",1,0,0.36174
"57142","RTN4",1,0,0.88946
"57146","TMEM159",1,0,0.52559
"5715","PSMD9",1,0,0.5644
"57154","SMURF1",1,0,0.5302
"5716","PSMD10",1,0,0.42782
"57182","ANKRD50",1,0,0.35787
"57184","FAM219B",1,0,0.47353
"57185","NIPAL3",1,0,0.69019
"57217","TTC7A",1,0,0.34362
"57228","SMAGP",1,0,0.63573
"5723","PSPH",1,0,0.42369
"5725","PTBP1",1,0,0.41123
"5727","PTCH1",1,0,0.34239
"573","BAG1",1,0,0.42927
"57333","RCN3",1,0,0.62016
"57379","AICDA",1,0,0.39119
"5740","PTGIS",1,0,0.44641
"57404","CYP20A1",1,0,0.40851
"57406","ABHD6",1,0,0.38176
"57448","BIRC6",1,0,0.43548
"57465","TBC1D24",1,0,0.37055
"57470","LRRC47",1,0,0.40031
"57539","WDR35",1,0,0.35494
"57542","KLHDC5",1,0,0.50408
"57545","CC2D2A",1,0,0.47733
"57553","MICAL3",1,0,0.42157
"57559","STAMBPL1",1,0,0.3317
"5757","PTMA",1,0,0.95005
"57575","PCDH10",1,0,0.44764
"57580","PREX1",1,0,0.56493
"57584","ARHGAP21",1,0,0.47279
"57586","SYT13",1,0,0.33423
"57599","WDR48",1,0,0.34127
"57619","SHROOM3",1,0,0.35272
"57620","STIM2",1,0,0.37508
"5763","PTMS",1,0,0.73774
"57634","EP400",1,0,0.57763
"5768","QSOX1",1,0,0.74069
"57680","CHD8",1,0,0.47253
"57695","USP37",1,0,0.44655
"57696","DDX55",1,0,0.52575
"57700","FAM160B1",1,0,0.53397
"57703","CWC22",1,0,0.4048
"57709","SLC7A14",1,0,0.44827
"57727","NCOA5",1,0,0.49017
"57761","TRIB3",1,0,0.83407
"57794","SUGP1",1,0,0.45314
"57798","GATAD1",1,0,0.43376
"5780","PTPN9",1,0,0.35526
"57819","LSM2",1,0,0.44734
"5784","PTPN14",1,0,0.51113
"57862","ZNF410",1,0,0.4327
"5792","PTPRF",1,0,0.37625
"580","BARD1",1,0,0.48414
"5814","PURB",1,0,0.34308
"58190","CTDSP1",1,0,0.4326
"5831","PYCR1",1,0,0.51529
"5832","ALDH18A1",1,0,0.71054
"5834","PYGB",1,0,0.91968
"58477","SRPRB",1,0,0.73213
"58489","FAM108C1",1,0,0.51979
"58494","JAM2",1,0,0.43884
"58496","LY6G5B",1,0,0.36537
"58505","OSTC",1,0,0.51967
"58526","MID1IP1",1,0,0.39322
"5860","QDPR",1,0,0.5899
"5868","RAB5A",1,0,0.49229
"5872","RAB13",1,0,0.63947
"5883","RAD9A",1,0,0.52764
"5893","RAD52",1,0,0.89013
"5901","RAN",1,0,0.45762
"5902","RANBP1",1,0,0.78969
"5905","RANGAP1",1,0,0.35142
"5908","RAP1B",1,0,0.39831
"5916","RARG",1,0,0.37553
"59269","HIVEP3",1,0,0.33874
"5927","KDM5A",1,0,0.73589
"59271","EVA1C",1,0,0.501
"59277","NTN4",1,0,0.37621
"59341","TRPV4",1,0,0.47255
"5936","RBM4",1,0,0.43096
"5939","RBMS2",1,0,0.57397
"5965","RECQL",1,0,0.70571
"597","BCL2A1",1,0,0.33185
"5982","RFC2",1,0,0.44493
"5985","RFC5",1,0,0.52774
"60","ACTB",1,0,0.63404
"6001","RGS10",1,0,0.57168
"6004","RGS16",1,0,0.34324
"60312","AFAP1",1,0,0.35338
"60313","GPBP1L1",1,0,0.46634
"60343","FAM3A",1,0,0.39826
"60370","AVPI1",1,0,0.79297
"60386","SLC25A19",1,0,0.37332
"6046","BRD2",1,0,0.57841
"60488","MRPS35",1,0,0.34168
"60490","PPCDC",1,0,0.54009
"60491","NIF3L1",1,0,0.59851
"6059","ABCE1",1,0,0.34307
"60673","C12orf44",1,0,0.59543
"60681","FKBP10",1,0,0.3702
"607","BCL9",1,0,0.43656
"617","BCS1L",1,0,0.56619
"6238","RRBP1",1,0,0.3433
"6241","RRM2",1,0,0.63941
"6242","RTKN",1,0,0.43947
"6249","CLIP1",1,0,0.35389
"6273","S100A2",1,0,0.39038
"6277","S100A6",1,0,1.504
"6281","S100A10",1,0,0.55204
"6282","S100A11",1,0,0.66935
"6284","S100A13",1,0,0.96049
"6285","S100B",1,0,0.8636
"6302","TSPAN31",1,0,0.39008
"6305","SBF1",1,0,0.38629
"631","BFSP1",1,0,0.34801
"636","BICD1",1,0,0.5322
"6367","CCL22",1,0,0.4188
"6382","SDC1",1,0,0.44891
"6385","SDC4",1,0,1.3602
"6388","SDF2",1,0,0.52857
"63898","SH2D4A",1,0,0.43833
"63905","MANBAL",1,0,0.58525
"6391","SDHC",1,0,0.61171
"63910","SLC17A9",1,0,0.38828
"63940","GPSM3",1,0,0.40902
"63941","NECAB3",1,0,0.51723
"63943","FKBPL",1,0,0.41183
"63951","DMRTA1",1,0,0.33002
"6396","SEC13",1,0,0.91729
"63967","CLSPN",1,0,0.38743
"63979","FIGNL1",1,0,0.40762
"64114","TMBIM1",1,0,0.55539
"64129","TINAGL1",1,0,0.71589
"64131","XYLT1",1,0,0.34294
"641455","POTEM",1,0,0.33803
"64147","KIF9",1,0,0.3767
"64149","C17orf75",1,0,0.5434
"64207","IRF2BPL",1,0,0.45844
"6421","SFPQ",1,0,0.38091
"6422","SFRP1",1,0,0.34428
"64220","STRA6",1,0,0.53086
"64225","ATL2",1,0,0.34671
"64236","PDLIM2",1,0,0.54433
"64283","ARHGEF28",1,0,0.40927
"64285","RHBDF1",1,0,0.39747
"6431","SRSF6",1,0,0.37615
"64318","NOC3L",1,0,0.60367
"6432","SRSF7",1,0,0.63441
"64320","RNF25",1,0,0.47806
"64332","NFKBIZ",1,0,0.4429
"64342","HS1BP3",1,0,0.46601
"64344","HIF3A",1,0,0.40907
"64399","HHIP",1,0,0.33216
"644","BLVRA",1,0,0.40337
"64400","AKTIP",1,0,0.38498
"64419","MTMR14",1,0,0.37714
"64429","ZDHHC6",1,0,0.34185
"64432","MRPS25",1,0,0.40713
"64506","CPEB1",1,0,0.36882
"6461","SHB",1,0,0.38914
"6464","SHC1",1,0,0.7029
"64682","ANAPC1",1,0,0.58582
"64708","COPS7B",1,0,0.48014
"6472","SHMT2",1,0,1.109
"64745","METTL17",1,0,0.47679
"64755","C16orf58",1,0,0.34185
"64756","ATPAF1",1,0,0.3936
"64759","TNS3",1,0,0.61383
"64764","CREB3L2",1,0,0.41234
"64770","CCDC14",1,0,0.45303
"6478","SIAH2",1,0,0.43163
"64781","CERK",1,0,0.48369
"64792","RABL5",1,0,0.33508
"64794","DDX31",1,0,0.52826
"6483","ST3GAL2",1,0,0.38146
"64834","ELOVL1",1,0,0.58544
"64927","TTC23",1,0,0.34537
"64943","NT5DC2",1,0,0.78867
"6496","SIX3",1,0,0.41832
"64963","MRPS11",1,0,0.59415
"64968","MRPS6",1,0,0.56787
"64969","MRPS5",1,0,0.38258
"64976","MRPL40",1,0,1.1226
"64979","MRPL36",1,0,0.36361
"65010","SLC26A6",1,0,0.34875
"6502","SKP2",1,0,0.56021
"6505","SLC1A1",1,0,0.35871
"65059","RAPH1",1,0,0.33628
"6506","SLC1A2",1,0,0.41914
"65061","CDK15",1,0,0.354
"65083","NOL6",1,0,0.46981
"6509","SLC1A4",1,0,0.64621
"65095","KRI1",1,0,0.48295
"6510","SLC1A5",1,0,0.75639
"65117","RSRC2",1,0,0.33392
"6513","SLC2A1",1,0,0.54779
"6515","SLC2A3",1,0,0.81498
"6521","SLC4A1",1,0,0.47095
"65220","NADK",1,0,0.48396
"6525","SMTN",1,0,0.74231
"65266","WNK4",1,0,0.47577
"6528","SLC5A5",1,0,0.36917
"653067","XAGE1B",1,0,0.43208
"653121","ZBTB8A",1,0,0.33427
"6533","SLC6A6",1,0,0.3608
"653598","PPIAL4A",1,0,0.41426
"653784","MZT2A",1,0,0.43055
"656","BMP8B",1,0,0.74009
"6566","SLC16A1",1,0,0.59245
"6574","SLC20A1",1,0,1.0618
"658","BMPR1B",1,0,0.64277
"6583","SLC22A4",1,0,0.33252
"65979","PHACTR4",1,0,0.43251
"65981","CAPRIN2",1,0,0.53545
"6599","SMARCC1",1,0,0.43625
"65993","MRPS34",1,0,0.42718
"6601","SMARCC2",1,0,0.37625
"66036","MTMR9",1,0,0.35314
"6611","SMS",1,0,0.63717
"662","BNIP1",1,0,0.43968
"6624","FSCN1",1,0,0.54285
"6625","SNRNP70",1,0,0.50677
"6626","SNRPA",1,0,0.35605
"6627","SNRPA1",1,0,0.45972
"6629","SNRPB2",1,0,1.2921
"6631","SNRPC",1,0,0.45508
"6637","SNRPG",1,0,0.61525
"6641","SNTB1",1,0,0.43985
"6645","SNTB2",1,0,0.47975
"6646","SOAT1",1,0,0.42213
"6651","SON",1,0,0.47223
"6652","SORD",1,0,0.64967
"6657","SOX2",1,0,0.46754
"6660","SOX5",1,0,0.60302
"6663","SOX10",1,0,0.50327
"667","DST",1,0,0.38395
"6672","SP100",1,0,0.33764
"6675","UAP1",1,0,0.64305
"6678","SPARC",1,0,0.72957
"6689","SPIB",1,0,0.43006
"669","BPGM",1,0,0.51052
"6693","SPN",1,0,0.38681
"6695","SPOCK1",1,0,0.54524
"6703","SPRR2D",1,0,0.34085
"6711","SPTBN1",1,0,0.3502
"6723","SRM",1,0,0.86169
"6727","SRP14",1,0,0.4021
"6730","SRP68",1,0,0.44027
"6731","SRP72",1,0,0.61758
"6745","SSR1",1,0,0.5386
"6746","SSR2",1,0,0.4733
"6747","SSR3",1,0,0.47903
"6748","SSR4",1,0,0.8116
"6752","SSTR2",1,0,0.42795
"6757","SSX2",1,0,0.36729
"676","BRDT",1,0,0.38672
"6778","STAT6",1,0,0.63268
"678","ZFP36L2",1,0,0.77519
"6780","STAU1",1,0,0.36991
"6785","ELOVL4",1,0,0.34351
"6789","STK4",1,0,0.35613
"6804","STX1A",1,0,0.46295
"6810","STX4",1,0,0.3386
"6811","STX5",1,0,0.49146
"6822","SULT2A1",1,0,0.36211
"6827","SUPT4H1",1,0,0.41502
"6829","SUPT5H",1,0,0.42426
"683","BST1",1,0,0.63868
"6832","SUPV3L1",1,0,0.45181
"6863","TAC1",1,0,0.4422
"6868","ADAM17",1,0,0.34693
"6872","TAF1",1,0,0.35248
"6878","TAF6",1,0,0.48862
"688","KLF5",1,0,0.45986
"6881","TAF10",1,0,0.44623
"6883","TAF12",1,0,0.40634
"6886","TAL1",1,0,0.33228
"6892","TAPBP",1,0,0.45076
"6898","TAT",1,0,0.40443
"6915","TBXA2R",1,0,0.59952
"6916","TBXAS1",1,0,0.38902
"6919","TCEA2",1,0,0.40609
"694","BTG1",1,0,0.81844
"6942","TCF20",1,0,0.4414
"6990","DYNLT3",1,0,1.013
"6992","PPP1R11",1,0,0.34429
"6997","TDGF1",1,0,0.46308
"7009","TMBIM6",1,0,0.6604
"7026","NR2F2",1,0,0.35375
"7027","TFDP1",1,0,0.34828
"7039","TGFA",1,0,0.6772
"7041","TGFB1I1",1,0,0.48696
"705","BYSL",1,0,0.56056
"7057","THBS1",1,0,1.0663
"706","TSPO",1,0,0.52267
"7064","THOP1",1,0,0.35052
"7073","TIAL1",1,0,0.78349
"7076","TIMP1",1,0,1.1599
"7078","TIMP3",1,0,1.2107
"7086","TKT",1,0,0.64223
"7094","TLN1",1,0,0.3736
"7109","TRAPPC10",1,0,0.38663
"7114","TMSB4X",1,0,0.8187
"7130","TNFAIP6",1,0,0.43016
"7132","TNFRSF1A",1,0,0.69432
"7135","TNNI1",1,0,0.36937
"7156","TOP3A",1,0,0.36667
"7158","TP53BP1",1,0,0.33355
"7159","TP53BP2",1,0,0.40812
"7163","TPD52",1,0,0.37382
"7165","TPD52L2",1,0,0.44189
"7167","TPI1",1,0,1.04
"7169","TPM2",1,0,0.96318
"7170","TPM3",1,0,0.42275
"7184","HSP90B1",1,0,0.44775
"7185","TRAF1",1,0,0.54079
"7259","TSPYL1",1,0,0.58686
"7262","PHLDA2",1,0,0.45041
"727837","SSX2",1,0,0.36818
"727851","RGPD8",1,0,0.35782
"727866","FAM156A",1,0,0.3656
"727897","MUC5B",1,0,0.37662
"728194","RSPH10B2",1,0,0.36761
"7284","TUFM",1,0,0.52736
"728489","DNLZ",1,0,0.41363
"728492","SERF1A",1,0,0.45154
"7286","TUFT1",1,0,0.50225
"7290","HIRA",1,0,0.44177
"7291","TWIST1",1,0,0.45208
"7296","TXNRD1",1,0,0.66094
"729857","RGPD2",1,0,0.36246
"7307","U2AF1",1,0,0.40835
"7311","UBA52",1,0,0.6494
"7326","UBE2G1",1,0,0.47335
"7355","SLC35A2",1,0,0.61318
"7358","UGDH",1,0,1.0846
"7360","UGP2",1,0,0.62759
"7372","UMPS",1,0,0.4172
"7375","USP4",1,0,0.38148
"7384","UQCRC1",1,0,0.73156
"7385","UQCRC2",1,0,0.39538
"7389","UROD",1,0,0.40077
"7391","USF1",1,0,0.35851
"7404","UTY",1,0,0.41916
"7408","VASP",1,0,0.38161
"7417","VDAC2",1,0,0.59844
"7422","VEGFA",1,0,0.5717
"7430","EZR",1,0,0.50752
"7434","VIPR2",1,0,0.34148
"7442","TRPV1",1,0,0.41994
"7443","VRK1",1,0,0.40071
"7456","WIPF1",1,0,0.57883
"7474","WNT5A",1,0,0.49044
"7498","XDH",1,0,0.34726
"7511","XPNPEP1",1,0,0.45087
"7515","XRCC1",1,0,0.50416
"7517","XRCC3",1,0,0.3888
"7520","XRCC5",1,0,0.67009
"7533","YWHAH",1,0,0.586
"7543","ZFX",1,0,0.44191
"7549","ZNF2",1,0,0.35101
"7551","ZNF3",1,0,0.50616
"7678","ZNF124",1,0,0.36634
"7692","ZNF133",1,0,0.33103
"7701","ZNF142",1,0,0.42221
"7706","TRIM25",1,0,0.56064
"7716","VEZF1",1,0,0.33461
"7762","ZNF215",1,0,0.43571
"7764","ZNF217",1,0,0.40409
"7791","ZYX",1,0,0.54418
"7798","LUZP1",1,0,0.46959
"780","DDR1",1,0,0.3793
"7803","PTP4A1",1,0,0.40111
"7812","CSDE1",1,0,0.71932
"7841","MOGS",1,0,0.33292
"7844","RNF103",1,0,0.34665
"7851","MALL",1,0,0.38844
"7857","SCG2",1,0,0.44007
"7862","BRPF1",1,0,0.39389
"7866","IFRD2",1,0,0.60886
"7873","MANF",1,0,0.44512
"7884","SLBP",1,0,0.47888
"78987","CRELD1",1,0,0.41536
"78992","YIPF2",1,0,0.36499
"78994","PRR14",1,0,0.45863
"790","CAD",1,0,0.4179
"79000","AUNIP",1,0,0.4152
"79004","CUEDC2",1,0,0.36027
"79005","SCNM1",1,0,0.62788
"79016","DDA1",1,0,0.38879
"79022","TMEM106C",1,0,0.6231
"79029","SPATA5L1",1,0,0.38503
"79031","PDCL3",1,0,0.56536
"79033","ERI3",1,0,0.59975
"79035","NABP2",1,0,0.62939
"79050","NOC4L",1,0,0.4546
"79054","TRPM8",1,0,0.38233
"79058","ASPSCR1",1,0,0.38859
"79068","FTO",1,0,0.52347
"79074","C2orf49",1,0,0.36404
"79077","DCTPP1",1,0,0.56662
"79084","WDR77",1,0,0.56393
"79087","ALG12",1,0,0.44588
"79089","TMUB2",1,0,0.34983
"79091","METTL22",1,0,0.39861
"79094","CHAC1",1,0,0.50372
"79144","PPDPF",1,0,0.60077
"79172","CENPO",1,0,0.65222
"7918","GPANK1",1,0,0.39859
"79188","TMEM43",1,0,0.50864
"7919","DDX39B",1,0,0.53823
"7922","SLC39A7",1,0,0.3999
"79228","THOC6",1,0,0.44228
"794","CALB2",1,0,0.46152
"7941","PLA2G7",1,0,0.38502
"79411","GLB1L",1,0,0.37318
"79573","TTC13",1,0,0.52534
"79586","CHPF",1,0,0.63858
"79587","CARS2",1,0,0.50081
"79589","RNF128",1,0,0.57889
"79590","MRPL24",1,0,0.42296
"79594","MUL1",1,0,0.38307
"79595","SAP130",1,0,0.3582
"79623","GALNT14",1,0,0.43089
"79628","SH3TC2",1,0,0.65978
"79649","MAP7D3",1,0,0.34972
"79650","USB1",1,0,0.43805
"79658","ARHGAP10",1,0,0.38186
"79663","HSPBAP1",1,0,0.37878
"79669","C3orf52",1,0,0.35645
"79672","FN3KRP",1,0,0.394
"79693","YRDC",1,0,0.57631
"79705","LRRK1",1,0,0.40156
"79707","NOL9",1,0,0.59769
"79709","GLT25D1",1,0,0.35341
"79711","IPO4",1,0,0.41839
"79714","CCDC51",1,0,0.40489
"79719","AAGAB",1,0,0.40025
"79720","VPS37B",1,0,0.42114
"79724","ZNF768",1,0,0.336
"79727","LIN28A",1,0,0.33832
"79745","CLIP4",1,0,0.50598
"79759","ZNF668",1,0,0.35489
"79760","GEMIN7",1,0,0.444
"79786","KLHL36",1,0,0.54486
"79789","CLMN",1,0,0.34288
"79792","GSDMD",1,0,0.42204
"79798","ARMC5",1,0,0.3351
"7980","TFPI2",1,0,0.64836
"7982","ST7",1,0,0.34993
"79833","GEMIN6",1,0,0.45842
"79837","PIP4K2C",1,0,0.60725
"79840","NHEJ1",1,0,0.46565
"79853","TM4SF20",1,0,0.44879
"79856","SNX22",1,0,0.6381
"79890","RIN3",1,0,0.33893
"79892","MCMBP",1,0,0.38593
"79901","CYBRD1",1,0,0.33545
"79912","PYROXD1",1,0,0.43181
"79921","TCEAL4",1,0,0.48749
"79923","NANOG",1,0,0.43415
"79939","SLC35E1",1,0,0.40426
"79947","DHDDS",1,0,0.59051
"79954","NOL10",1,0,0.35979
"79962","DNAJC22",1,0,0.39248
"79969","ATAT1",1,0,0.40633
"800","CALD1",1,0,0.50532
"80005","DOCK5",1,0,0.97905
"80014","WWC2",1,0,0.36222
"80021","TMEM62",1,0,0.35411
"80071","CCDC15",1,0,0.42194
"80097","MZT2B",1,0,0.47513
"80129","CCDC170",1,0,0.49833
"80143","SIKE1",1,0,0.41566
"80179","MYO19",1,0,0.48415
"80196","RNF34",1,0,0.36574
"80204","FBXO11",1,0,0.44178
"80216","ALPK1",1,0,0.42844
"80222","TARS2",1,0,0.43829
"80273","GRPEL1",1,0,0.53362
"80279","CDK5RAP3",1,0,0.38856
"80301","PLEKHO2",1,0,0.36218
"80335","WDR82",1,0,0.4952
"80339","PNPLA3",1,0,0.35841
"80344","DCAF11",1,0,0.38478
"80349","WDR61",1,0,0.44564
"80381","CD276",1,0,0.40605
"80723","SLC35G2",1,0,0.35768
"8073","PTP4A2",1,0,0.47582
"8074","FGF23",1,0,0.45386
"80755","PTGES3L-AARSD1",1,0,0.38842
"80758","PRR7",1,0,0.33699
"80764","THAP7",1,0,0.39714
"80772","GLTPD1",1,0,0.41049
"80777","CYB5B",1,0,0.44635
"8078","USP5",1,0,0.68886
"8079","MLF2",1,0,0.9433
"80851","SH3BP5L",1,0,0.35258
"8086","AAAS",1,0,0.3527
"80895","ILKAP",1,0,0.67729
"8099","CDK2AP1",1,0,0.49883
"81","ACTN4",1,0,0.67565
"81030","ZBP1",1,0,0.39188
"81037","CLPTM1L",1,0,0.88598
"8106","PABPN1",1,0,0.69145
"8125","ANP32A",1,0,0.56637
"813","CALU",1,0,0.38705
"8139","GAN",1,0,0.39567
"8140","SLC7A5",1,0,0.82221
"81539","SLC38A1",1,0,0.50926
"81552","VOPP1",1,0,0.35701
"81559","TRIM11",1,0,0.33527
"81562","LMAN2L",1,0,0.49612
"81567","TXNDC5",1,0,0.41669
"81572","PDRG1",1,0,0.62086
"81575","APOLD1",1,0,0.46175
"81577","GFOD2",1,0,0.46505
"816","CAMK2B",1,0,0.36259
"81603","TRIM8",1,0,0.49091
"81618","ITM2C",1,0,0.47085
"817","CAMK2D",1,0,0.72097
"81706","PPP1R14C",1,0,0.4978
"81793","TLR10",1,0,0.36454
"81839","VANGL1",1,0,0.34722
"81848","SPRY4",1,0,0.62624
"81855","SFXN3",1,0,0.6075
"81857","MED25",1,0,0.35765
"81887","LAS1L",1,0,0.58311
"81889","FAHD1",1,0,0.39161
"8190","MIA",1,0,1.2115
"81928","CABLES2",1,0,0.36935
"8208","CHAF1B",1,0,0.33613
"822","CAPG",1,0,0.62312
"824","CAPN2",1,0,0.4519
"8273","SLC10A3",1,0,0.34499
"8289","ARID1A",1,0,0.36336
"829","CAPZA1",1,0,0.83303
"8314","BAP1",1,0,0.43935
"8318","CDC45",1,0,0.63066
"8321","FZD1",1,0,0.35342
"83440","ADPGK",1,0,0.44279
"83442","SH3BGRL3",1,0,1.5009
"83461","CDCA3",1,0,0.62378
"83475","DOHH",1,0,0.43292
"83543","AIF1L",1,0,0.36624
"83596","BCL2L12",1,0,0.39924
"83605","CCM2",1,0,0.50182
"83606","GUCD1",1,0,0.41889
"83638","C11orf68",1,0,0.41047
"83641","FAM107B",1,0,0.47179
"83693","HSDL1",1,0,0.36905
"83695","RHNO1",1,0,0.54098
"83716","CRISPLD2",1,0,0.38748
"8372","HYAL3",1,0,0.46022
"83729","INHBE",1,0,0.46119
"83742","MARVELD1",1,0,0.42337
"83879","CDCA7",1,0,0.42028
"83888","FGFBP2",1,0,0.35224
"83892","KCTD10",1,0,0.35593
"83931","STK40",1,0,0.33748
"83939","EIF2A",1,0,0.42844
"83941","TM2D1",1,0,0.41198
"83985","SPNS1",1,0,0.37273
"8402","SLC25A11",1,0,0.34539
"84034","EMILIN2",1,0,0.35841
"84058","WDR54",1,0,0.39765
"84065","TMEM222",1,0,0.3576
"8407","TAGLN2",1,0,1.2339
"8412","BCAR3",1,0,0.53907
"84128","WDR75",1,0,0.5494
"84132","USP42",1,0,0.37329
"84163","GTF2IRD2",1,0,0.41009
"84164","ASCC2",1,0,0.56161
"84168","ANTXR1",1,0,0.50682
"84171","LOXL4",1,0,0.47435
"84172","POLR1B",1,0,0.41602
"84173","ELMOD3",1,0,0.40206
"84174","SLA2",1,0,0.40745
"84193","SETD3",1,0,0.38222
"84220","RGPD5",1,0,0.34029
"84224","NBPF3",1,0,0.39171
"84246","MED10",1,0,0.52195
"8425","LTBP4",1,0,0.34039
"84255","SLC37A3",1,0,0.43567
"84256","FLYWCH1",1,0,0.43188
"84267","C9orf64",1,0,0.33196
"84269","CHCHD5",1,0,0.47349
"84271","POLDIP3",1,0,0.61849
"84289","ING5",1,0,0.58633
"84300","MNF1",1,0,0.51693
"84316","LSMD1",1,0,0.43364
"84319","CMSS1",1,0,0.47172
"84337","ELOF1",1,0,0.43093
"84365","MKI67IP",1,0,0.36675
"8438","RAD54L",1,0,0.4281
"8440","NCK2",1,0,0.47685
"84445","LZTS2",1,0,0.43397
"84447","SYVN1",1,0,0.3462
"8446","DUSP11",1,0,0.42613
"84464","SLX4",1,0,0.34701
"84516","DCTN5",1,0,0.40224
"84522","JAGN1",1,0,0.57931
"84530","SRRM4",1,0,0.426
"84545","MRPL43",1,0,0.41352
"8458","TTF2",1,0,0.58017
"8460","TPST1",1,0,0.46857
"84632","AFAP1L2",1,0,0.67001
"84656","GLYR1",1,0,0.36098
"84661","DPY30",1,0,0.36829
"84679","SLC9A7",1,0,0.41864
"84695","LOXL3",1,0,1.0332
"84707","BEX2",1,0,0.40816
"84720","PIGO",1,0,0.42099
"8476","CDC42BPA",1,0,0.50129
"8479","HIRIP3",1,0,0.3651
"84790","TUBA1C",1,0,0.56257
"84798","C19orf48",1,0,0.60473
"8480","RAE1",1,0,0.37879
"84823","LMNB2",1,0,0.33993
"84842","HPDL",1,0,0.43761
"84844","PHF5A",1,0,0.85461
"84868","HAVCR2",1,0,0.4196
"84886","C1orf198",1,0,1.2948
"84896","ATAD1",1,0,0.74923
"84898","PLXDC2",1,0,0.42371
"84900","RNFT2",1,0,0.3905
"84908","FAM136A",1,0,0.49461
"84910","TMEM87B",1,0,0.36164
"84915","FAM222A",1,0,0.42064
"84928","TMEM209",1,0,0.3761
"84936","ZFYVE19",1,0,0.49406
"84941","HSH2D",1,0,0.45293
"84942","WDR73",1,0,0.53999
"84950","PRPF38A",1,0,0.50018
"84959","UBASH3B",1,0,0.72931
"8496","PPFIBP1",1,0,0.82613
"84971","ATG4D",1,0,0.3868
"8498","RANBP3",1,0,0.35624
"84991","RBM17",1,0,0.39981
"85007","AGXT2L2",1,0,0.34561
"8507","ENC1",1,0,0.37714
"8522","GAS7",1,0,0.85486
"85300","ATCAY",1,0,0.36119
"8531","CSDA",1,0,0.80917
"8534","CHST1",1,0,0.54807
"85359","DGCR6L",1,0,0.33881
"85360","SYDE1",1,0,0.58887
"85369","STRIP1",1,0,0.34907
"85377","MICALL1",1,0,0.38291
"85395","FAM207A",1,0,0.44831
"85450","ITPRIP",1,0,0.38619
"85456","TNKS1BP1",1,0,0.33791
"8558","CDK10",1,0,0.58781
"8572","PDLIM4",1,0,0.92826
"8602","NOP14",1,0,0.34586
"8614","STC2",1,0,0.37972
"862","RUNX1T1",1,0,0.37282
"8625","RFXANK",1,0,0.34991
"865","CBFB",1,0,0.48711
"8650","NUMB",1,0,0.48018
"8655","DYNLL1",1,0,0.40762
"8660","IRS2",1,0,0.6378
"8661","EIF3A",1,0,0.80625
"8662","EIF3B",1,0,0.34017
"8663","EIF3C",1,0,0.80449
"8664","EIF3D",1,0,0.59095
"8666","EIF3G",1,0,0.56355
"8668","EIF3I",1,0,0.79861
"8675","STX16",1,0,0.3558
"8692","HYAL2",1,0,0.50953
"87","ACTN1",1,0,0.80124
"8703","B4GALT3",1,0,0.3342
"871","SERPINH1",1,0,0.91204
"87178","PNPT1",1,0,0.46095
"8728","ADAM19",1,0,0.49093
"8735","MYH13",1,0,0.36789
"8737","RIPK1",1,0,0.33677
"8740","TNFSF14",1,0,0.49901
"8754","ADAM9",1,0,0.36079
"8773","SNAP23",1,0,0.36194
"8780","RIOK3",1,0,0.35247
"8797","TNFRSF10A",1,0,0.33248
"8812","CCNK",1,0,0.33833
"8832","CD84",1,0,0.38315
"8834","TMEM11",1,0,0.33754
"8853","ASAP2",1,0,0.37174
"8859","STK19",1,0,0.33335
"8864","PER2",1,0,0.52035
"8870","IER3",1,0,0.57844
"88745","RRP36",1,0,0.56511
"8877","SPHK1",1,0,0.34188
"8879","SGPL1",1,0,0.3971
"8880","FUBP1",1,0,0.65954
"8884","SLC5A6",1,0,0.55027
"8886","DDX18",1,0,0.652
"8890","EIF2B4",1,0,0.78471
"8893","EIF2B5",1,0,0.38987
"8896","BUD31",1,0,0.68478
"8904","CPNE1",1,0,0.48079
"8910","SGCE",1,0,0.44574
"892","CCNC",1,0,0.37142
"8925","HERC1",1,0,0.40314
"8938","BAIAP3",1,0,0.52899
"8942","KYNU",1,0,0.38568
"89781","HPS4",1,0,0.50561
"89790","SIGLEC10",1,0,0.357
"8985","PLOD3",1,0,0.68016
"899","CCNF",1,0,0.35688
"8994","LIMD1",1,0,0.45812
"89944","GLB1L2",1,0,0.34715
"90","ACVR1",1,0,0.47429
"90102","PHLDB2",1,0,0.59628
"90196","SYS1",1,0,0.33965
"90199","WFDC8",1,0,0.35371
"90231","KIAA2013",1,0,0.36093
"90326","THAP3",1,0,0.56367
"90353","CTU1",1,0,0.36723
"90379","DCAF15",1,0,0.46425
"9040","UBE2M",1,0,0.38799
"90411","MCFD2",1,0,0.47895
"90417","C15orf23",1,0,0.37102
"9050","PSTPIP2",1,0,0.40651
"9052","GPRC5A",1,0,0.98356
"9055","PRC1",1,0,0.59696
"9060","PAPSS2",1,0,0.56016
"9061","PAPSS1",1,0,0.419
"90627","STARD13",1,0,0.76677
"90737","PAGE5",1,0,0.3948
"90864","SPSB3",1,0,0.41855
"9092","SART1",1,0,0.54699
"90957","DHX57",1,0,0.43654
"9100","USP10",1,0,0.52809
"91107","TRIM47",1,0,0.42549
"9114","ATP6V0D1",1,0,0.46869
"9130","FAM50A",1,0,0.51791
"9133","CCNB2",1,0,0.43494
"9136","RRP9",1,0,0.45685
"91408","BTF3L4",1,0,0.45393
"9144","SYNGR2",1,0,0.54655
"91445","RNF185",1,0,0.37529
"91543","RSAD2",1,0,0.34894
"91544","UBXN11",1,0,0.47535
"9156","EXO1",1,0,0.4155
"91607","SLFN11",1,0,0.41868
"91614","DEPDC7",1,0,0.82763
"91662","NLRP12",1,0,0.38668
"9167","COX7A2L",1,0,0.86118
"9168","TMSB10",1,0,1.2644
"91689","C22orf32",1,0,0.41187
"9173","IL1RL1",1,0,0.39742
"91750","LIN52",1,0,0.37288
"91782","CHMP7",1,0,0.43934
"91807","MYLK3",1,0,0.44902
"9181","ARHGEF2",1,0,0.53957
"9184","BUB3",1,0,0.37265
"9185","REPS2",1,0,0.3848
"91862","MARVELD3",1,0,0.37605
"91869","RFT1",1,0,0.47209
"91875","TTC5",1,0,0.5006
"91949","COG7",1,0,0.43511
"9197","SLC33A1",1,0,0.40592
"9217","VAPB",1,0,0.38244
"9221","NOLC1",1,0,0.42925
"92344","GORAB",1,0,0.41986
"9236","CCPG1",1,0,0.5698
"92370","ACPL2",1,0,0.35075
"9241","NOG",1,0,0.43341
"9244","CRLF1",1,0,0.39032
"92482","BBIP1",1,0,0.40241
"9249","DHRS3",1,0,1.2093
"9255","AIMP1",1,0,0.51514
"92591","ASB16",1,0,0.3689
"92597","MOB1B",1,0,0.42912
"9263","STK17A",1,0,0.42155
"92689","FAM114A1",1,0,0.78432
"9270","ITGB1BP1",1,0,0.33306
"9274","BCL7C",1,0,0.51682
"9276","COPB2",1,0,0.60675
"9277","WDR46",1,0,0.39524
"928","CD9",1,0,1.3236
"92806","CENPBD1",1,0,0.3396
"9284","NPIP",1,0,0.46072
"92935","MARS2",1,0,0.39326
"9295","SRSF11",1,0,0.33368
"93100","NAPRT1",1,0,0.43513
"93185","IGSF8",1,0,0.37561
"9320","TRIP12",1,0,0.40986
"9324","HMGN3",1,0,0.42958
"9325","TRIP4",1,0,0.41019
"93323","HAUS8",1,0,0.44771
"9341","VAMP3",1,0,0.57565
"9342","SNAP29",1,0,0.38651
"9351","SLC9A3R2",1,0,0.73405
"9353","SLIT2",1,0,0.40786
"9360","PPIG",1,0,0.54105
"9369","NRXN3",1,0,0.51755
"9370","ADIPOQ",1,0,0.42843
"9374","PPT2",1,0,0.54684
"9392","TGFBRAP1",1,0,0.57239
"94","ACVRL1",1,0,0.40265
"9404","LPXN",1,0,0.78613
"9406","ZRANB2",1,0,0.37982
"94081","SFXN1",1,0,0.3446
"9410","SNRNP40",1,0,0.54181
"94107","TMEM203",1,0,0.38899
"94122","SYTL5",1,0,0.46376
"9416","DDX23",1,0,0.56734
"9448","MAP4K4",1,0,0.47722
"9454","HOMER3",1,0,0.43686
"9455","HOMER2",1,0,0.37106
"9469","CHST3",1,0,0.35151
"9470","EIF4E2",1,0,0.42919
"9475","ROCK2",1,0,0.71759
"949","SCARB1",1,0,0.38228
"9497","SLC4A7",1,0,0.47421
"950","SCARB2",1,0,0.59209
"9500","MAGED1",1,0,0.50658
"9507","ADAMTS4",1,0,0.60659
"9516","LITAF",1,0,0.38901
"9517","SPTLC2",1,0,0.36787
"9521","EEF1E1",1,0,0.41258
"9531","BAG3",1,0,0.35371
"9535","GMFG",1,0,0.38955
"9541","CIR1",1,0,0.45423
"9547","CXCL14",1,0,0.42824
"955","ENTPD6",1,0,0.52425
"9553","MRPL33",1,0,0.70708
"9562","MINPP1",1,0,0.66294
"9570","GOSR2",1,0,0.33748
"9576","SPAG6",1,0,0.58314
"9581","PREPL",1,0,0.347
"9582","APOBEC3B",1,0,0.69475
"9584","RBM39",1,0,0.36568
"9601","PDIA4",1,0,0.40629
"9603","NFE2L3",1,0,0.51089
"9612","NCOR2",1,0,0.49312
"9615","GDA",1,0,0.35383
"9643","MORF4L2",1,0,0.53855
"9644","SH3PXD2A",1,0,0.63092
"9659","PDE4DIP",1,0,0.37107
"9669","EIF5B",1,0,0.38357
"9672","SDC3",1,0,0.60333
"96764","TGS1",1,0,0.42461
"9682","KDM4A",1,0,0.35638
"9688","NUP93",1,0,0.56434
"9695","EDEM1",1,0,0.50977
"970","CD70",1,0,0.35292
"9700","ESPL1",1,0,0.39189
"9704","DHX34",1,0,0.43795
"9719","ADAMTSL2",1,0,0.35973
"972","CD74",1,0,1.7294
"9725","TMEM63A",1,0,0.36069
"9727","RAB11FIP3",1,0,0.38219
"9733","SART3",1,0,0.44347
"9735","KNTC1",1,0,0.38567
"9739","SETD1A",1,0,0.44951
"9741","LAPTM4A",1,0,0.61599
"9761","MLEC",1,0,0.45212
"9764","KIAA0513",1,0,0.37712
"977","CD151",1,0,0.34813
"9778","KIAA0232",1,0,0.55283
"9780","PIEZO1",1,0,0.51622
"9784","SNX17",1,0,0.39949
"9785","DHX38",1,0,0.49458
"9790","BMS1",1,0,0.58163
"9792","SERTAD2",1,0,0.4467
"9798","IST1",1,0,0.44008
"9804","TOMM20",1,0,0.41266
"9805","SCRN1",1,0,0.46164
"9810","RNF40",1,0,0.37801
"9844","ELMO1",1,0,0.58155
"9853","RUSC2",1,0,0.37257
"9860","LRIG2",1,0,0.38544
"9862","MED24",1,0,0.46412
"9878","TOX4",1,0,0.45148
"9880","ZBTB39",1,0,0.38315
"9885","OSBPL2",1,0,0.39425
"990","CDC6",1,0,0.37383
"9902","MRC2",1,0,0.34013
"9903","KLHL21",1,0,0.66512
"9908","G3BP2",1,0,0.52048
"9913","SUPT7L",1,0,0.40174
"9918","NCAPD2",1,0,0.55749
"9921","RNF10",1,0,0.41889
"9926","LPGAT1",1,0,0.36836
"9927","MFN2",1,0,0.45385
"9929","JOSD1",1,0,0.44588
"9939","RBM8A",1,0,0.52293
"9942","XYLB",1,0,0.40999
"9943","OXSR1",1,0,0.46978
"9948","WDR1",1,0,0.49499
"9966","TNFSF15",1,0,0.36233
"9967","THRAP3",1,0,0.4306
"9972","NUP153",1,0,0.37945
"9978","RBX1",1,0,0.99015
